surah_number,ayah_from,ayah_to,topic_id,topic,notes
1,1,4,101,"الثناء على الله وتمجيده",""
1,5,5,105,"الله وحده المعبود والمستعان به",""
1,6,7,202,"تضرع المؤمنين للمعبود والتجائهم وخوفهم من غضب الله ومن الضلال",""
2,1,2,601,"هداية القرآن الكريم",""
2,3,5,202,"بعض صفات المتقين وجزاؤهم",""
2,6,7,302,"الكافرون وبعض صفاتهم",""
2,8,16,302,"المنافقون وبعض صفاتهم",""
2,17,20,701,"ضرب مثلين للمنافقين",""
2,21,22,101,"الأمر بعبادة الله وبيان عظمته ووحدانيته",""
2,23,23,602,"تحدي القرآن للكافرين أن يأتوا بمثله",""
2,24,24,301,"وعيد الكافرين بالنار وصفتها",""
2,25,25,201,"ثواب المؤمنين ووصف الجنة",""
2,26,26,701,"حكمة ضرب الأمثال في القرآن",""
2,27,27,302,"الفاسقون وصفاتهم",""
2,28,29,102,"مظاهر قدرة الله تعالى في مخلوقاته",""
2,30,32,403,"خلافة آدم في الأرض وتعجب الملائكة من ذلك وتعليم آدم الكلمات كلها",""
2,33,33,102,"دليل إحاطة علم الله بكل شيء",""
2,34,34,403,"تكريم الله لآدم بسجود الملائكة له",""
2,35,36,403,"تكريم الله تعالى لآدم وحواء بإسكانهما الجنة وعداوة الشيطان لهما حتى أخرجهما منها إلى الأرض",""
2,37,38,403,"توبة آدم وهبوطهما إلى الأرض والتكليف وثواب من يتبع الهدى",""
2,37,38,403,"توبة آدم وهبوطهما إلى الأرض والتكليف وثواب من يتبع الهدى",""
2,39,39,302,"عقاب الكافرين بالهدى",""
2,40,48,404,"تذكير بني إسرائيل بنعم الله عليهم وصفات الخاشعين وأوامر إلهية لهم",""
2,49,50,404,"أحوال بني إسرائيل مع فرعون",""
2,51,61,404,"أحوال بني إسرائيل مع نبيهم موسى",""
2,62,62,202,"ثواب المؤمنين عامة",""
2,63,66,404,"قبائح اليهود وعقابهم الدنيوي بعد إمهال الله لهم",""
2,67,73,404,"قصة البقرة وما فيها من عبر",""
2,74,74,701,"بيان شدة قسوة قلوب اليهود",""
2,75,81,302,"تحريف اليهود كلام الله عن علم، ومخالفاتهم وعقابهم",""
2,82,82,202,"ثواب المؤمنين",""
2,83,86,404,"مخالفة اليهود للمواثيق",""
2,87,91,404,"موقف اليهود من الرسل وتكذيبهم وقتلهم الرسل",""
2,92,93,302,"عناد اليهود بعد أخذ الميثاق عليهم",""
2,94,96,305,"رد مزاعم اليهود أن الجنة خالصة لهم",""
2,97,99,302,"كفر اليهود بعداوتهم الملائكة",""
2,100,101,404,"نقض اليهود العهود وتكذيبهم رسول الله ﷺ",""
2,102,103,501,"اشتمال اليهود بالسحر وحكم السحر",""
2,104,105,302,"سوء أدب اليهود في الخطاب مع النبي ﷺ، وعداوة الكفار للمؤمنين وحسدهم لهم",""
2,106,108,501,"إثبات نسخ بعض الآيات",""
2,109,110,302,"حسد أهل الكتاب للمؤمنين وكيفية مقابلة المؤمنين لذلك",""
2,111,113,305,"الرد على أماني ومزاعم اليهود والنصارى",""
2,114,115,501,"حرمة الاعتداء على المساجد، وصحة الصلاة في أي مكان",""
2,116,118,305,"افتراءات أهل الكتاب في ادعائهم الولد وغير ذلك",""
2,119,121,401,"تأكيد حقيقة الرسالة للنبي محمد ﷺ والتحذير من اتباع اليهود والنصارى",""
2,122,123,404,"تذكير بني إسرائيل بنعم الله عليهم وتحذيرهم من يوم القيامة",""
2,124,129,404,"قصة ابتلاء إبراهيم عليه السلام، وقصة بنائه البيت ودعائه بعده وفضائل مكة",""
2,130,141,305,"خسارة من يرغب عن ملة إبراهيم، وإبطال دعوى اليهود أنهم على دين إبراهيم ويعقوب وإبطال دعواهم أن إبراهيم ومن ذكر معه كانوا يهودًا أو نصارى",""
2,142,145,501,"تحويل القبلة وكيف قابلها اليهود وغيرهم من السفهاء",""
2,146,147,302,"كتمان اليهود للحق في صفة الرسول ﷺ",""
2,148,150,501,"وجوب التوجه إلى الكعبة في الصلاة والحكمة من ذلك",""
2,151,151,401,"مهمة النبي ﷺ",""
2,152,157,202,"الصبر وجزاؤه وأنواع الابتلاء",""
2,158,158,501,"السعي بين الصفا والمروة",""
2,159,162,501,"عقوبة كتمان العلم، وحكم من يموت على الكفر",""
2,163,164,101,"وحدانية الله تعالى ومظاهر قدرته",""
2,165,167,302,"حال المشركين ومصيرهم يوم القيامة أتباعًا ومتبوعين",""
2,168,169,501,"وجوب أكل الحلال الطيب، ووجوب اجتناب الشيطان واتخاذه عدوًا",""
2,170,170,302,"التقليد الأعمى",""
2,171,171,701,"ضرب المثل للكفار",""
2,172,173,501,"وجوب أكل الطيبات والشكر عليها، وبيان المحرمات",""
2,174,176,302,"عقاب كتمان العلم",""
2,177,177,202,"حقيقة البر",""
2,178,179,501,"وجوب القصاص إلا أن يعفو ولي المقتول والحكمة منه",""
2,180,182,501,"وجوب الوصية وتحريم العبث بها وتبديلها",""
2,183,185,501,"وجوب الصيام وبيان أحكامه وفضائل شهر رمضان",""
2,186,186,202,"فضل الدعاء وشروط الإجابة",""
2,187,187,501,"تتمة أحكام الصيام",""
2,188,188,501,"حرمة أكل أموال الناس بالباطل",""
2,189,189,501,"التقويم بالأهلة القمرية وحقيقة البر",""
2,190,195,501,"من أحكام القتال في سبيل الله، وأن ترك الإنفاق في سبيل الله يؤدي إلى التهلكة",""
2,196,203,501,"أحكام الحج والعمرة",""
2,204,206,302,"وصف حال المنافق",""
2,207,207,202,"وصف حال المؤمن",""
2,208,211,501,"وجوب اجتناب الشيطان واتخاذه عدوًا والتحذير من الزلل",""
2,211,211,404,"الاعتبار بحال بني إسرائيل",""
2,212,212,302,"حقيقة الكافرين وسمو المتقين فوقهم",""
2,213,214,404,"حاجة الناس إلى الرسل وتحميلهم مع أتباعهم البأساء والضراء",""
2,215,215,501,"جهات صرف النفقات",""
2,216,217,501,"وجوب القتال للدفاع عن الدين وبعض أحكامه",""
2,218,218,203,"المجاهدون المؤمنون وغاياتهم",""
2,219,219,501,"حكم الخمر والميسر وبداية التنفير منهما",""
2,220,220,501,"وجوب الإحسان لليتامى",""
2,221,221,501,"تحريم نكاح المشركات وإنكاح المشركين وبيان السبب",""
2,222,222,501,"وجوب اجتناب النساء في المحيض",""
2,223,223,501,"جواز إتيان المرأة إلا في الدبر وتفسيرها بالحرث",""
2,224,225,501,"من أحكام الحلف بالله",""
2,226,227,501,"حكم الإيلاء من النساء",""
2,228,230,501,"عدة المطلقة وعدد الطلاق وأحكام أخرى تتعلق بالطلاق",""
2,231,232,202,"حسن معاملة المسلمين للمطلقات",""
2,233,233,501,"من أحكام الرضاع ووجوب نفقة المرضعة على الأب",""
2,234,235,501,"عدة المتوفى عنها زوجها وجواز التعريض لها دون التصريح بالخطبة",""
2,236,237,501,"حقوق المطلقة قبل الدخول، قبل تسمية المهر وبعده",""
2,238,239,501,"وجوب المحافظة على الصلاة",""
2,240,242,501,"بعض أحكام المتوفى عنها زوجها والمطلقة",""
2,243,243,404,"ذكر حال أمة سابقة، وفتح الحنين",""
2,244,245,203,"وجوب الجهاد في سبيل الله وفضل المنفقين وثوابهم",""
2,246,252,404,"أحوال بني إسرائيل وذكر قصة طالوت وجالوت وما فيها من عبر",""
2,253,253,404,"الرسل على درجات، وحكمة اختلاف الناس",""
2,254,254,302,"وجوب الإنفاق ووصف اليوم القيامة والتخويف منه لمن لا ينفق",""
2,255,255,101,"آية الكرسي وفيها بيان أهم صفات الله وعظمة كرسيه",""
2,256,256,101,"الدين لا إكراه فيه وهو العروة الوثقى",""
2,257,257,105,"أثر تولي الله للمؤمنين وأثر تولي الشيطان للكافرين",""
2,258,258,404,"قصة النمرود مع سيدنا إبراهيم عليه السلام",""
2,259,259,404,"قصة من أماته الله مائة عام ثم أحياه وبيان قدرة الله في إحياء الموتى",""
2,260,260,404,"قصة طلب سيدنا إبراهيم رؤية إحياء الموتى ووقوع ذلك",""
2,261,261,701,"ضرب المثل للمنفقين في سبيل الله",""
2,262,263,202,"المنفقون في سبيل الله وثوابهم وآدابهم وتحذيرهم من الرياء ومن إنفاق الخبيث من المال",""
2,264,266,701,"المنفقون في سبيل الله وثوابهم وآدابهم وتحذيرهم من الرياء ومن إنفاق الخبيث من المال",""
2,267,267,202,"المنفقون في سبيل الله وثوابهم وآدابهم وتحذيرهم من الرياء ومن إنفاق الخبيث من المال",""
2,268,269,101,"مقارنة بين وعد الشيطان وأمره وبين وعد الله وثوابه",""
2,270,271,202,"علم الله بالصدقات سواء سرها وجهرها وإثابة الله للمتصدقين",""
2,272,274,202,"ثواب المنفقين ومن هم أحق بالصدقات",""
2,275,281,501,"تحريم الربا وأضراره على الفرد والمجتمع ووعيد الله للمرابين",""
2,282,283,501,"توثيق الدين المؤجل بالكتابة والإشهاد والرهن وأحكام ذلك",""
2,284,284,101,"إحاطة علم الله تعالى وقدرته على كل شيء",""
2,285,286,202,"عقيدة الرسول والمؤمنين والتجاؤهم إلى الله في كل حال",""
3,1,4,301,"إثبات أن القرآن والتوراة والإنجيل منزلة من عند الله",""
3,5,6,101,"من دلائل قدرة الله وعظيم خلقه وتوحيده سبحانه",""
3,7,7,601,"القرآن محكمه ومتشابهه، وانقسام الناس فيه إلى فريقين",""
3,8,9,202,"التجاء المؤمنين الراسخين في العلم إلى الله",""
3,10,13,302,"عاقبة الكافرين",""
3,14,14,302,"تعلق وغرور الناس بالشهوات وأنواع الشهوات الدنيوية",""
3,15,17,202,"لفت أنظار المؤمنين لما هو خير وأبقى وصفات المؤمنين",""
3,18,20,105,"وحدانية الله ووحدانية دين الله، وإقامة الحجة على أهل الكتاب وغيرهم لإثبات ذلك",""
3,21,22,302,"جزاء الكافرين قتلة الأنبياء والمسلمين",""
3,23,25,302,"طبيعة أهل الكتاب ووعيدهم مقابل توليهم عن حكم الله",""
3,26,27,101,"قدرة الله على كل شيء",""
3,28,30,501,"حكم معاملة الكافرين والتحذير من عقاب الآخرة",""
3,31,32,202,"ثمرة محبة الله للمؤمنين الطائعين",""
3,33,37,404,"قصة اصطفاء بعض الأنبياء، وقصة مريم",""
3,38,41,404,"قصة زكريا وتبشيره بابنه يحيى",""
3,42,51,404,"قصة اصطفاء مريم وتبشيرها بابنها عيسى وصفات عيسى ومعجزاته عليه السلام",""
3,52,53,404,"موقف الحواريين ونصرتهم لعيسى",""
3,54,55,404,"مكر اليهود بعيسى عليه السلام ورفع الله عيسى إليه وجزاء كلا الفريقين يوم القيامة",""
3,56,56,302,"مكر اليهود بعيسى عليه السلام ورفع الله عيسى إليه وجزاء كلا الفريقين يوم القيامة",""
3,57,58,202,"مكر اليهود بعيسى عليه السلام ورفع الله عيسى إليه وجزاء كلا الفريقين يوم القيامة",""
3,59,64,305,"الرد على من أنكر بشرية عيسى وأنه خلق من تراب",""
3,65,68,305,"الرد على من زعم أن إبراهيم كان يهوديًا أو نصرانيًا",""
3,69,74,302,"مكر أهل الكتاب بالمسلمين لإضلالهم بعد الهدى",""
3,75,78,302,"طبائع أهل الكتاب والوعيد الشديد الذي ينتظرهم",""
3,75,78,302,"طبائع أهل الكتاب والوعيد الشديد الذي ينتظرهم",""
3,79,80,305,"رد افتراء أهل الكتاب على الأنبياء",""
3,81,85,401,"أخذ الميثاق على الأنبياء أن يؤمنوا بالنبي ﷺ وإسلام من في السماوات والأرض لدين الله ومن ذلك إعراض أهل الكتاب عنه، وعدم قبول غير الإسلام دينًا",""
3,81,85,105,"أخذ الميثاق على الأنبياء أن يؤمنوا بالنبي ﷺ وإسلام من في السماوات والأرض لدين الله ومع ذلك إعراض أهل الكتاب عنه، وعدم قبول غير الإسلام دينًا",""
3,86,89,302,"اليأس من هداية من ضل عن علم وجزاؤه",""
3,90,91,302,"أنواع الكفار وعقابهم",""
3,92,92,202,"تحصيل البر بالإنفاق مما تحب",""
3,93,95,305,"تحريم إسرائيل بعض الأطعمة على نفسه وافتراء اليهود في تحريم بعض الأطعمة والرد عليهم",""
3,96,97,501,"مكانة البيت الحرام وفرضية الحج",""
3,98,99,305,"الرد على أهل الكتاب لصدهم وكفرهم",""
3,100,110,202,"توجيهات ونصائح للمؤمنين للاعتصام بسبيل الله والأمر بالمعروف والنهي عن المنكر والتحذير من التفرق لتبقى الأمة خير أمة أخرجت للناس",""
3,111,112,302,"حال أهل الكتاب وطبيعتهم",""
3,113,115,202,"حال أهل الكتاب المؤمنين",""
3,116,116,302,"خسران الكافرين وضياع أعمالهم هباء منثورًا وضرب المثل بذلك",""
3,117,117,701,"خسران الكافرين وضياع أعمالهم هباء منثورًا وضرب المثل بذلك",""
3,118,120,302,"حقد الكفار ونفاقهم على المؤمنين",""
3,121,129,402,"الحديث عن غزوة بدر وأحد",""
3,130,136,202,"ما يجب على المؤمنين مما ينجيهم من النار ويدخلهم الجنة",""
3,137,141,203,"امتحان المؤمنين بالظالمين وأجر صبرهم في جهادهم لهم",""
3,142,143,402,"تذكير من شهد غزوة أحد أن الجنة لا تنال إلا بالجهاد والصبر",""
3,144,145,401,"تأكيد بشرية الرسول وأن الموت يمكن أن يناله كما ينال البشر جميعًا بإذن الله بالأجل المقدر",""
3,146,148,203,"تذكير بحال أنصار الأنبياء السابقين وثباتهم على الجهاد والتجائهم إلى الله ووعد الله الحسن لهم",""
3,149,151,302,"التحذير من طاعة الكافرين ووجوب اتخاذ الله مولى وعاقبة الكافرين",""
3,152,155,402,"أسباب مصيبة المسلمين في أحد",""
3,156,156,302,"بيان حال المنافقين والتحذير من التشبه بهم",""
3,157,158,203,"ترغيب المؤمنين بالجهاد",""
3,159,164,401,"صفات النبي ﷺ وأخلاقه",""
3,165,166,401,"تتمة أسباب مصيبة المسلمين في أحد وفضح المنافقين",""
3,167,168,302,"تتمة أسباب مصيبة المسلمين في أحد وفضح المنافقين",""
3,169,174,203,"منزلة الشهداء في سبيل الله",""
3,175,180,302,"المؤمن يجب ألا يخاف أولياء الشيطان ولا يحزن من انتصار الكفار فالله يملي لهم ولكن لا يهملهم",""
3,181,184,302,"عاقبة البخل في الدنيا والآخرة وظن اليهود أنهم أغنى من ربهم ووعيد الله لهم",""
3,185,186,303,"الدنيا دار فناء وامتحان وفضل الصبر",""
3,187,188,404,"طبيعة أهل الكتاب بنبذ اليهود وبعض صفاتهم وعاقبتهم",""
3,189,190,102,"بيان وحدانية الله وقدرته",""
3,191,195,202,"أولو الألباب وتفكرهم في خلق الله والتجاؤهم إلى الله وثمرة ذلك",""
3,196,197,302,"النهي عن الاغترار بقوة الكفار وتسلطهم، وعاقبة الكفار",""
3,198,200,202,"المتقون وجزاؤهم، وبعض أهل الكتاب من المتقين، والأمر بالصبر وغير ذلك",""
4,1,1,101,"وحدة الأصل الإنساني ورابطة الرحم",""
4,2,6,501,"أحكام اليتامى وتعدد الزوجات وحكم المهور وحكم الحجر على السفهاء",""
4,7,11,501,"من أحكام المواريث وتحريم أكل أموال اليتامى ظلمًا",""
4,12,12,501,"من أحكام المواريث",""
4,13,13,202,"ثواب الطائعين لأحكام الله",""
4,14,14,302,"عاقبة العاصين لأحكام الله",""
4,15,16,501,"عقوبة الزنى قبل النسخ",""
4,17,18,104,"التوبة المقبولة والتوبة غير المقبولة",""
4,19,21,501,"أحكام تبين حقوق النساء والتحذير من الاعتداء على حقوقهن",""
4,22,24,501,"المحارم من النساء ووجوب مهورهن على أزواجهن",""
4,25,25,501,"حرمة زواج الأحرار بالإماء إلا بشروط، وعقوبة الإماء إذا فعلن الفاحشة",""
4,26,28,103,"من نعم الله على عباده",""
4,29,30,501,"حرمة أموال المسلمين وأنفسهم وعقوبة المعتدي عليهم",""
4,31,31,202,"ثواب اجتناب الكبائر تكفير الصغائر ودخول الجنة",""
4,32,33,202,"النهي عن الاعتماد على التمني والحث على الاعتماد على العمل والرضى بقضاء الله وقدره",""
4,34,35,501,"من أحكام الأسرة",""
4,36,36,105,"عبادة الله وحده والإحسان إلى عباده وخاصة ذوي الأرحام",""
4,37,39,302,"ذم البخلاء والمرائين",""
4,40,42,101,"عدل الله وفضله ووعيده لمن كفر",""
4,43,43,501,"من شروط الصلاة",""
4,44,55,302,"من قبائح اليهود وضلالاتهم وعقابهم",""
4,56,56,302,"عقاب الكافرين",""
4,57,57,202,"ثواب المؤمنين",""
4,58,59,501,"وجوب أداء الأمانة والحكم بالعدل وطاعة الله والرسول وأولي الأمر",""
4,60,68,302,"مزاعم المنافقين ومواقفهم",""
4,69,70,202,"ثواب الطائعين ومنزلتهم",""
4,71,84,203,"قواعد الجهاد في الإسلام ومواقف المنافقين منه والأمر بطاعة الله ورسوله في ذلك",""
4,85,86,501,"حكم الشفاعة الحسنة والشفاعة السيئة وحكم رد التحية",""
4,87,87,304,"يوم القيامة حق",""
4,88,91,302,"الانقسام إلى فئتين في معاملة المنافقين وكيفية معاملتهم",""
4,92,93,501,"حكم القتل الخطأ والقتل العمد",""
4,94,96,203,"وجوب التثبت في الحكم على الناس وخاصة في الجهاد",""
4,97,97,302,"فضل المجاهدين والتحذير من القعود عن الجهاد إلا للمستضعفين",""
4,98,99,203,"فضل المجاهدين والتحذير من القعود عن الجهاد إلا للمستضعفين",""
4,100,100,103,"فضل الهجرة في سبيل الله وسعة أرضه وثوابها",""
4,101,103,501,"حكم قصر الصلاة وحكم صلاة الخوف",""
4,104,104,203,"الحث على متابعة الأعداء وتحمل أعباء ذلك",""
4,105,113,401,"أمر النبي ﷺ بالعدل والقسط في الحكم بين الناس جميعًا وإلا وقع في الضلال",""
4,114,115,501,"التحذير من حصائد اللسان وفضل الكلام النافع والتحذير من مخالفة طريق الرسول والمؤمنين وعاقبة ذلك",""
4,116,126,301,"خطر الشرك والشيطان",""
4,122,126,202,"جزاء الإيمان والعمل الصالح وعدم الجزاء على الأماني",""
4,127,130,501,"من أحكام النساء والأسرة",""
4,131,134,101,"توحيد الله في ملكه لكل شيء وهو وحده الذي يملك ثواب الدنيا والآخرة",""
4,135,136,105,"الأمر بالقسط والإيمان بأركان الإيمان",""
4,137,147,302,"المنافقون ومواقفهم وجزاؤهم والتحذير منهم والنهي عن موالاة الكافرين",""
4,148,149,202,"المؤمن لا يجهر بالسوء بل يعفو عنه ويبدي الخير",""
4,150,151,302,"بعض أعمال الكافرين وعقابهم",""
4,152,152,202,"عمل المؤمن وثوابه",""
4,153,161,404,"أحوال بني إسرائيل مع أنبيائهم ونقضهم مواثيقهم وعقابهم",""
4,162,162,202,"أحوال المؤمنين من بني إسرائيل وثوابهم",""
4,163,166,404,"وحدة الوحي لجميع الرسل وكثرة الرسل والحكمة من إرسالهم",""
4,167,170,302,"جزاء الكافرين",""
4,171,173,404,"نهي أهل الكتاب عن الغلو في الدين وفي شأن عيسى عليه السلام",""
4,174,175,202,"ثواب المهتدين",""
4,176,176,501,"حكم ميراث الإخوة الأشقاء أو لأب",""
5,1,5,501,"وجوب الإيفاء بالعقود وبيان ما أحل الله وما حرم",""
5,6,6,501,"وجوب الوضوء والغسل، وعند فقد الماء التيمم",""
5,7,11,103,"التذكير بالنعم والمواثيق والأمر بالقسط في الحكم والشهادة",""
5,12,14,404,"بعض أحوال أهل الكتاب في نقضهم المواثيق",""
5,15,16,601,"تذكير أهل الكتاب بالرسول محمد ﷺ وبالقرآن الذي يفضح بعضهم ويهدي البشرية",""
5,17,19,305,"من افتراءات أهل الكتاب والرد عليهم",""
5,20,26,404,"من مواقف اليهود مع نبيهم موسى عليه السلام",""
5,27,31,404,"قصة هابيل وقابيل وأول جريمة قتل في الأرض",""
5,32,34,501,"حكم القتل والفساد في الأرض وجزاؤه",""
5,35,35,202,"فضيلة التقرب إلى الله بالعمل الصالح",""
5,36,37,302,"بيان عقاب الكفار يوم القيامة",""
5,38,40,501,"حكم السرقة وحدها",""
5,41,43,302,"تسلية النبي ﷺ لما كان يلقاه من اليهود والمنافقين وبيان عاقبتهم وكيفية معاملتهم",""
5,44,50,601,"التوراة والإنجيل والقرآن كتب سماوية يصدق بعضها بعضًا والقرآن ناسخ لما قبله والحكم به واجب",""
5,51,58,501,"حرمة موالاة غير المؤمنين ووجوب موالاة الله والرسول والمؤمنين",""
5,59,68,404,"من قبائح أهل الكتاب وخاصة اليهود مع المؤمنين ومع ربهم",""
5,69,69,202,"من قبائح أهل الكتاب وخاصة اليهود مع المؤمنين ومع ربهم",""
5,70,71,404,"من قبائح أهل الكتاب وخاصة اليهود مع المؤمنين ومع ربهم",""
5,72,76,305,"شرك النصارى بالله والرد عليهم",""
5,77,81,404,"نهي أهل الكتاب عن الغلو في الدين وسبب لعن الكافرين منهم",""
5,82,82,302,"اليهود والمشركون أشد عداوة، ومن النصارى مؤمنون صادقون",""
5,83,85,202,"اليهود والمشركون أشد عداوة، ومن النصارى مؤمنون صادقون",""
5,86,86,302,"اليهود والمشركون أشد عداوة، ومن النصارى مؤمنون صادقون",""
5,87,88,501,"ما أحل الله هو الطيب الذي يجب الأكل منه ولا يجوز تحريمه",""
5,89,89,501,"حكم اليمين وكفارة الحنث به",""
5,90,93,501,"النهي عن الخمر والميسر والأنصاب والأزلام وفضيلة التوبة من ذلك",""
5,94,100,501,"حكم الصيد في حالة الإحرام في البر والبحر وجزاؤه وحرمة الأشهر الحرم",""
5,101,105,305,"النهي عن كثرة السؤال والرد على ضلالات أهل الجاهلية وإرشاد المؤمنين بعدم الاغترار بهذه الضلالات",""
5,106,108,501,"حكم الإشهاد على الوصية عند الموت",""
5,109,109,304,"سؤال الرسل يوم القيامة عن إجابة قومهم لهم",""
5,110,115,404,"عيسى بن مريم ومعجزاته وقصة المائدة التي طلبها قومه",""
5,116,118,305,"محاورة بين الله سبحانه وعيسى ﷺ تتضمن الرد على مزاعم النصارى",""
5,119,120,102,"جزاء الصادقين يوم القيامة وبعض الدلائل على قدرة الله سبحانه",""
6,1,3,102,"بعض دلائل قدرة الله سبحانه ووحدانيته",""
6,4,11,302,"تعنت المشركين وجدالهم بالباطل وعاقبة كفرهم",""
6,12,18,101,"بعض دلائل وحدانية الله سبحانه ودلائل البعث بعد الموت",""
6,19,19,401,"شهادة الله لنبيه بالرسالة وشهادة النبي ﷺ له بالوحدانية",""
6,20,26,302,"معرفة أهل الكتاب النبي ﷺ وتكذيبهم به",""
6,27,32,304,"من مواقف يوم القيامة وجواب المشركين عند سؤالهم عند سوئهم",""
6,33,36,401,"تسلية للنبي ﷺ وتثبيت لفؤاده بسبب ما يلقاه من تعنت المشركين",""
6,37,39,101,"بيان تمام قدرة الله وإحاطة علمه بكل شيء",""
6,40,45,302,"الضراء والسراء وتقلب مواقف المشركين منهم",""
6,46,47,102,"من أدلة قدرة الله سبحانه",""
6,48,49,403,"مهمة الرسل وانقسام الناس بهم لمؤمن وكافر",""
6,50,58,401,"حقيقة الرسول ﷺ وأنه بشر ومهمته",""
6,59,67,102,"كمال علم الله في الكليات والجزئيات وكمال قدرته على عباده",""
6,68,70,302,"وجوب الإعراض عن مجالسة المستهزئين بالنبي ﷺ أو القرآن وعقابهم",""
6,71,73,305,"الرد على المشركين وتحذيرهم من يوم القيامة",""
6,74,83,404,"محاورة إبراهيم لأبيه وقومه وإقامة الحجة عليهم في توحيد الله تعالى",""
6,84,90,404,"هداية الله للأنبياء واصطفاؤه لهم وحقيقتهم وأمره بالاقتداء بهم",""
6,91,91,305,"الرد على بعض اليهود الذين أنكروا إنزال الله شيئًا على أحد من البشر ومهمة القرآن",""
6,92,92,601,"الرد على بعض اليهود الذين أنكروا إنزال الله شيئًا على أحد من البشر ومهمة القرآن",""
6,93,94,302,"عقاب الذين يفترون الكذب يوم القيامة",""
6,95,99,102,"بعض مظاهر قدرة الله ونعمه على عباده",""
6,100,103,305,"الرد على افتراءات المشركين على الله بجعل البنين والصاحبة له",""
6,104,107,401,"حقيقة الرسول ﷺ",""
6,108,108,501,"تقرير مبدأ سد الذرائع بمنع سب آلهة المشركين لئلا يسبوا الله جهلًا",""
6,109,113,302,"تعنت المشركين في طلب الآيات ووعيدهم على ذلك",""
6,114,115,401,"شهادة الله بصدق الرسول فيما ينزل عليه من ربه",""
6,116,117,303,"صفة أكثر الناس وعلم الله بما في نفوسهم",""
6,118,121,501,"بيان ما يحل وما يحرم من الذبائح",""
6,122,122,701,"مثال المؤمن والكافر",""
6,123,124,302,"مكر المجرمين وعاقبتهم",""
6,125,125,701,"مثل المهتدي والضال",""
6,126,127,202,"ثواب المهتدين",""
6,128,133,303,"من مشاهد يوم القيامة",""
6,134,135,302,"تهديد وإنذار للعصاة",""
6,136,140,305,"صور من افتراءات المشركين والرد عليهم",""
6,141,144,101,"من مظاهر قدرة الله ونعمه مع الرد على افتراءات المشركين",""
6,145,147,501,"بيان ما حرمه الله في القرآن علينا ثم ما حرمه في التوراة على اليهود",""
6,148,150,305,"الرد على شبهة المشركين الواهية",""
6,151,153,501,"أصول المحرمات وأصول الفضائل في الإسلام",""
6,154,157,302,"ما أنزل الله من كتاب إلا فيه الهداية ويجب اتباعه ووعيد لمن خالفه",""
6,158,160,304,"تهديد بالموت ويوم القيامة وما يسبقه من علامات",""
6,161,165,102,"ذكر تسمية الله بالهداية والعبادة الخالصة له وحده لأنه القادر المتفضل",""
7,1,3,601,"تثبيت اليقين أن القرآن حق من عند الله ووجوب اتباعه دون غيره",""
7,4,9,302,"عاقبة العصاة والمكذبين في الدنيا والآخرة",""
7,10,25,403,"قصة التمكين في الأرض ورفض إبليس للسجود لآدم واستجابة آدم لوسوسته مما أخرجه من الجنة وأهبطه إلى الأرض",""
7,26,27,103,"خطاب بني آدم يذكر فضل الله عليهم ثم تحذيرهم من شر وسوسة الشيطان",""
7,28,33,305,"الرد على ضلالات الكفار في العقيدة وتحريم الزينة والطيبات وبيان ما حرم الله",""
7,34,34,303,"الموت نهاية كل فرد وأمة",""
7,35,35,403,"مهمة الرسل وجزاء المؤمنين بهم",""
7,36,39,303,"حال الكافرين بالرسل عند الاحتضار ويوم القيامة في النار",""
7,40,41,302,"جزاء الكافرين يوم القيامة",""
7,42,43,202,"ثواب المؤمنين يوم القيامة",""
7,44,49,202,"محاورة ونداء من أصحاب الجنة لأصحاب النار وأصحاب الأعراف",""
7,50,51,302,"محاورة ونداء من أصحاب النار لأصحاب الجنة",""
7,52,53,304,"إقامة الحجة على الكافرين بنزول القرآن واعترافهم يوم القيامة بصدق الرسل، وأمانيهم الباطلة",""
7,54,56,102,"من دلائل قدرة الله سبحانه وسعة رحمته",""
7,57,58,701,"ضرب الأمثلة لإثبات إحياء الموتى للمؤمن والكافر",""
7,59,64,404,"قصة نوح عليه السلام",""
7,65,72,404,"قصة هود عليه السلام",""
7,73,79,404,"قصة صالح عليه السلام",""
7,80,84,404,"قصة لوط عليه السلام",""
7,85,93,404,"قصة شعيب عليه السلام",""
7,94,95,103,"سنة الله في استدراج الأمم بين الضراء والسراء قبل إهلاكهم",""
7,96,102,302,"طبيعة الكفار وتهديدهم",""
7,103,129,404,"قصة موسى عليه السلام مع فرعون وقومه",""
7,130,136,302,"عقاب آل فرعون بعد عنادهم",""
7,137,141,103,"تذكير بني إسرائيل بتمكينهم في الأرض بعد أن كانوا مستضعفين وتذكيرهم بنجاتهم من بلاء آل فرعون العظيم وجهلهم بطلب عبادة غير الله",""
7,142,145,404,"قصة مناجاة موسى ربه وطلبه رؤية الله سبحانه ونزول التوراة عليه",""
7,146,147,302,"عقوبة المتكبرين والمكذبين",""
7,148,154,404,"إضلال السامري لبني إسرائيل في غياب موسى وموقف موسى منهم",""
7,155,156,404,"ذهاب موسى للاعتذار من عبادة العجل بخيار بني إسرائيل وما حصل لهم",""
7,157,158,401,"وجوب اتباع بني إسرائيل للنبي ﷺ في كل ما جاء به وأن رسالته عامة لكل البشر",""
7,159,159,404,"اتباع بعض بني إسرائيل للحق",""
7,160,160,103,"من نعم الله على بني إسرائيل",""
7,161,162,302,"أمر الله بني إسرائيل بأوامر ووعدهم بالمغفرة والزيادة ومخالفتهم للأوامر وعقوبتهم",""
7,163,171,404,"تحايل بني إسرائيل على الصيد يوم السبت وعقابهم ورفع الجبل فوقهم",""
7,172,174,105,"أخذ العهد على بني آدم وذلك بفطرتهم على الإسلام",""
7,175,178,701,"ضرب المثل ببلعام بن عوراء",""
7,179,179,302,"أهل جهنم وصفاتهم ووعيدهم",""
7,180,180,105,"لا يجوز الدعاء إلا بأسماء الله الحسنى التوقيفية",""
7,181,181,202,"من الناس مهتدون",""
7,182,186,302,"الضالون الذين يأبون الدعوة إلى التفكر في حقيقة النبي والنظر في آيات الله",""
7,187,187,304,"لا يعلم متى الساعة إلا الله",""
7,188,188,401,"رسول الله بشر لا يملك لنفسه نفعًا ولا ضرًا ولا يعلم الغيب",""
7,189,193,302,"طبيعة المشركين وافتراءاتهم",""
7,194,198,305,"الرد على المشركين وافتراءاتهم",""
7,199,206,202,"توجيهات للأخلاق الفاضلة والإنصات للقرآن وحقيقة المؤمنين",""
8,1,1,501,"حكم الغنائم",""
8,2,4,202,"صفات المؤمنين",""
8,5,14,402,"قصة غزوة بدر",""
8,15,16,501,"تحريم الفرار من القتال",""
8,17,19,103,"ما أنعم الله به على أهل بدر",""
8,20,29,202,"الأمر بطاعة الله ورسوله والحض على الاستجابة للدعوة والتحذير من المخالفة والخيانة وبيان ثمرات التقوى",""
8,30,35,302,"مكر المشركين بالنبي ﷺ وعقابهم",""
8,36,40,302,"إنفاق المشركين الأموال للصد عن سبيل الله وعقوبتهم في الدنيا والآخرة",""
8,41,41,501,"حكم تقسيم الغنائم",""
8,42,44,103,"تذكير بنعمة الله بالنصر في بدر",""
8,45,47,202,"أمر المؤمنين بالثبات في القتال وطاعة الله ورسوله وعدم التنازع وبالإخلاص",""
8,48,49,302,"مكر الشيطان وخديعته لأتباعه وقول المنافقين في المؤمنين",""
8,50,51,302,"تخويف الكفار بشدة العذاب عند الاحتضار",""
8,52,54,701,"ضرب المثل بآل فرعون ومن قبلهم لالتقاط بهم",""
8,55,59,302,"بيان بعض صفات الكفار وكيفية معاملتهم",""
8,60,61,203,"الأمر بإعداد القوة للأعداء إلا إن جنحوا للسلم بلا خديعة منهم",""
8,62,64,103,"نعمة الله على النبي والمؤمنين بالتأييد وتأليف القلوب بشكل عجيب",""
8,65,66,203,"التحريض على القتال",""
8,67,71,501,"حكم الأسرى في الحرب والغنائم",""
8,72,75,202,"رابطة الإسلام أقوى الروابط",""
8,73,73,302,"رابطة الإسلام أقوى الروابط",""
9,1,6,501,"البراءة من عهود المشركين وتفصيل أحكام معاملتهم",""
9,7,15,302,"صفات المشركين وطبائعهم في معاملة المؤمنين والأمر بقتالهم",""
9,16,16,203,"متابعة الحض على الجهاد",""
9,17,18,203,"عمارة المساجد بالبناء أو الإقامة فيها لا تكون إلا للمسلمين",""
9,19,19,305,"الرد على المشركين في زعمهم عمارة المسجد الحرام دون إيمان منهم",""
9,20,22,202,"فضل المؤمنين المجاهدين وجزاؤهم",""
9,23,24,501,"تحريم تولي الكفار ولو كانوا أولي قربى",""
9,25,27,103,"فضل الله على المؤمنين بالنصر على الأعداء وخاصة يوم حنين",""
9,28,28,501,"تحريم دخول المشركين المسجد الحرام",""
9,29,29,501,"الأمر بالقتال وحكم الجزية",""
9,30,33,305,"الرد على ضلالات المشركين بنسبة أبناء لله سبحانه",""
9,34,35,302,"أكل أموال الناس بالباطل من قبل كثير من الأحبار والرهبان وعقابهم",""
9,36,37,501,"الأشهر الحرم وتلاعب المشركين بها",""
9,38,41,203,"الأمر بالجهاد والتحذير من تركه والتذكير بنصر الله نبيه بمعجزة الغار",""
9,42,59,302,"فضح المنافقين في إظهار نواياهم السيئة",""
9,60,60,501,"الجهات الثمانية التي تصرف لها الزكاة الواجبة",""
9,61,70,302,"المنافقون، صفاتهم وجزاؤهم",""
9,71,72,202,"المؤمنون، صفاتهم وجزاؤهم",""
9,73,73,203,"الأمر بجهاد الكفار والمنافقين",""
9,74,87,302,"المنافقون، أحوالهم وجزاؤهم وفرحهم بالتخلف عن الجهاد",""
9,88,89,203,"جهاد الرسول والمؤمنين وجزاؤهم",""
9,90,93,501,"بيان أنواع المعتذرين وحكم كل منهم",""
9,94,96,302,"كذب المعتذرين من المنافقين وحلفهم الكاذب",""
9,97,98,302,"الكافرون والمنافقون من الأعراب أشد كفرًا ونفاقًا",""
9,99,99,202,"المؤمنون من الأعراب وجزاؤهم",""
9,100,100,202,"المؤمنون من أهل المدينة",""
9,101,102,302,"المنافقون من أهل المدينة والمخلفون منهم وجزاؤهم",""
9,103,106,202,"فضل الصدقة والتوبة والعمل الخالص له",""
9,107,110,501,"مسجد الضرار والفرق بينه وبين مسجد قباء والمؤمنين",""
9,111,112,202,"التجارة الرابحة وصفات أهلها وبشارتهم",""
9,113,116,501,"تحريم الاستغفار للمشركين وبيان أسباب استغفار إبراهيم لأبيه",""
9,117,119,402,"توبة الله على أهل غزوة تبوك",""
9,120,123,203,"فضل أهل المدينة بجهادهم مع رسول الله ﷺ وجزاؤهم وفضل العلم",""
9,124,124,202,"موقف المؤمنين من نزول السور",""
9,125,127,302,"موقف المنافقين من نزول السور",""
9,128,129,401,"بعض صفات رسول الله ﷺ",""
10,1,2,601,"القرآن الكريم والوحي وبشرية الرسول وموقف المشركين من ذلك",""
10,1,2,305,"القرآن الكريم والوحي وبشرية الرسول وموقف المشركين من ذلك",""
10,3,6,102,"من دلائل عظمة الله سبحانه وصفاته وقدرته على كل شيء",""
10,7,8,302,"المنكرون ليوم القيامة وجزاؤهم",""
10,9,10,202,"المؤمنون وجزاؤهم وسمى صفاتهم",""
10,11,12,303,"من طبائع أكثر الناس",""
10,13,14,104,"سنة الله في إهلاك الظالمين واستخلاف المؤمنين",""
10,15,16,601,"القرآن الكريم وحي من الله لا يجوز للرسول تبديل شيء منه وموقف المشركين منه والرد عليهم",""
10,17,20,305,"من جهالات المشركين والرد عليهم",""
10,21,23,302,"طبيعة الناس في السراء والضراء",""
10,24,24,701,"ضرب مثل للحياة الدنيا",""
10,25,26,202,"الهداية من الله وجزاء المهتدين",""
10,27,30,302,"جزاء العصاة والمشركين يوم القيامة",""
10,31,36,305,"إقامة الحجة على المشركين لإثبات التوحيد وإبطال الشرك",""
10,37,44,602,"تحدي القرآن للمشركين أن يأتوا بمثله",""
10,45,56,304,"تهديد المشركين بالحشر وتكذيبهم بذلك ومآلهم القيامة",""
10,57,58,601,"القرآن ومهمته",""
10,59,60,305,"افتراء المشركين وتهديدهم",""
10,61,61,102,"إحاطة علم الله سبحانه بكل شيء",""
10,62,64,202,"من هم أولياء الله وما هو جزاؤهم",""
10,65,70,305,"تهديد المشركين ونقاشهم ورد مزاعمهم",""
10,71,74,404,"قصة نوح ومن بعده من الرسل",""
10,75,93,404,"قصة موسى مع فرعون وملئه وعاقبة كل منهم",""
10,94,97,105,"القرآن حق من عند الله وتهديد لمن يخالفه",""
10,98,98,404,"قصة يونس مع قومه",""
10,99,100,102,"مشيئة الله هي النافذة في الكون",""
10,101,102,101,"الأمر بالتفكير للوصول إلى الحق وتهديد للكافرين",""
10,103,103,202,"نجاة المؤمنين مع رسل الله",""
10,104,107,105,"توحيد الله بالعبادة والاعتقاد",""
10,108,109,105,"توجيهات إلهية للناس وللنبي ﷺ بأن الإسلام حق يجب اتباعه",""
11,1,5,601,"القرآن مصادره ومهمته وموقف المشركين منه",""
11,6,7,102,"سعة فضل الله وسعة علمه وقدرته وموقف المشركين من البعث",""
11,8,10,302,"موقف المشركين من النبي ونقمهم وجزاؤهم",""
11,11,11,202,"موقف المؤمنين من النعيم والنقم وجزاؤهم",""
11,12,12,401,"ضيق صدر رسول الله ﷺ لعناد المشركين وتوجيه الله له",""
11,13,14,602,"تحدي الله للمشركين أن يأتوا بمثله",""
11,15,16,302,"الكافر يؤثر الدنيا على الآخرة وجزاؤه",""
11,17,17,302,"لا يستوي المؤمنون والكافرون وجزاء الكافرين",""
11,18,22,302,"الكافرون، بعض أوصافهم وجزاؤهم",""
11,23,23,202,"المؤمنون، بعض أوصافهم وجزاؤهم",""
11,24,24,701,"ضرب المثل للكافر والمؤمن",""
11,25,49,404,"قصة نوح عليه السلام",""
11,50,60,404,"قصة هود عليه السلام",""
11,61,68,404,"قصة صالح عليه السلام",""
11,69,76,404,"قصة إبراهيم عليه السلام وبشارته بهلاك قوم لوط",""
11,77,83,404,"قصة لوط عليه السلام",""
11,84,95,404,"قصة شعيب عليه السلام",""
11,96,99,404,"قصة موسى عليه السلام",""
11,100,102,104,"سنة الله في إهلاك العباد بظلمهم بعد إمهالهم",""
11,103,107,304,"بعض مشاهد يوم القيامة",""
11,108,108,202,"بعض مشاهد يوم القيامة",""
11,109,109,304,"بعض مشاهد يوم القيامة",""
11,110,111,404,"تحذير من الاختلاف في القرآن كما اختلف قوم موسى في التوراة",""
11,112,115,401,"أمر النبي ﷺ والمؤمنين بالاستقامة وإقامة الصلاة والصبر",""
11,116,119,104,"سنة الله في إهلاك الأمم السابقة لظلمهم وإصرارهم",""
11,120,123,601,"من حكم القصص القرآني تثبيت فؤاد النبي ﷺ وذكرى للمؤمنين وتحذير للكافرين",""
12,1,3,601,"من صفات القرآن وتضمنه أحسن القصص",""
12,4,6,404,"رؤيا يوسف ورأي أبيه فيها",""
12,7,10,404,"يوسف وإخوته واتفاقهم على إلقائه في الجب",""
12,11,18,404,"تنفيذ كيدهم",""
12,19,20,404,"إخراج يوسف من الجب بالدلو وبيعه لأهل مصر",""
12,21,29,404,"يوسف في مصر وتعرضه لفتنة امرأة العزيز وعصمته من الفاحشة",""
12,30,35,404,"شيوع خبر امرأة العزيز في مصر وموقفها منه والحكم عليه بالسجن",""
12,36,42,404,"أحداث يوسف في السجن",""
12,43,49,404,"رؤيا ملك مصر وتأويل يوسف لها وهو في السجن",""
12,50,53,404,"الملك يطلب خروج يوسف من السجن ويوسف يرفض حتى تظهر براءته",""
12,54,57,404,"خروجه من السجن وطلبه أن يكون على خزائن الأرض في مصر وحصول ذلك له",""
12,58,62,404,"لقاء مع إخوته حيث عرفهم دون أن يعرفوه ومطالبته بأخيه منهم ورد الثمن دون علمهم",""
12,63,66,404,"إخوة يوسف يستأذنون أباهم أن يرسل معهم أخاهم بنيامين إلى مصر",""
12,67,68,404,"وصية يعقوب لأولاده",""
12,69,79,404,"رجوع إخوة يوسف إليه بصحبة أخيه الذي طلبه والمكيدة التي دبرها لاستبقائه لديه",""
12,80,82,404,"محاسبة بعضهم بعضًا ورجوع إخوة يوسف إلى أبيهم واعتذارهم عما أصيبوا به",""
12,83,86,404,"عدم تصديق يعقوب أبناءه وإصابته بالعمى لشدة حزنه ثم التجائه إلى الله",""
12,87,92,404,"يعقوب يرسل أبناءه ليبحثوا عن ولديه وتعرّفهم على يوسف واعتذارهم منه وعفوه عنهم",""
12,93,98,404,"إعطاؤهم قميصه ليشمه أبوه فيعود بصيرًا واعتذار أبنائه منه واستغفاره لهم",""
12,99,100,404,"دخول إخوته وأبويه عليه وتكريمهما وتحقيق الرؤيا بسجودهم له",""
12,101,101,404,"اعتراف يوسف بنعم الله عليه وطلبه حسن الخاتمة",""
12,102,104,401,"ذكر قصة يوسف أحد الأدلة على نبوة محمد ﷺ",""
12,105,111,305,"إعراض المشركين عن الاتعاظ بآيات الله في السماوات والأرض والرد عليهم",""
12,111,111,601,"من حكم القصص القرآني",""
13,1,4,101,"بيان أن القرآن حق وبعض الأدلة على قدرة الله تعالى على كل شيء",""
13,5,7,302,"إنكار المشركين البعث وجزاؤهم وطلبهم الآيات",""
13,8,16,102,"إحاطة علم الله وقدرته على كل شيء",""
13,17,17,701,"ضرب المثل للحق والباطل وأهله",""
13,18,18,202,"مصير المؤمنين والكافرين",""
13,19,24,202,"صفات المؤمنين وعاقبتهم",""
13,25,25,302,"صفات الكافرين وعقابهم",""
13,26,28,102,"بيان أن الرزق والهداية بيد الله بعد تعنت الكفار وطلب الآيات",""
13,29,29,202,"عاقبة المؤمنين",""
13,30,30,401,"مهمة الرسول ﷺ والقرآن الكريم",""
13,31,34,305,"الرد على الكفار الذين طلبوا الآيات ومصيرهم",""
13,35,37,202,"وصف الجنة وبيان عاقبة كل من المتقين والكافرين وتحذير النبي ﷺ من اتباعهم",""
13,38,38,401,"مخالف عن الرسل",""
13,39,39,501,"إثبات النسخ في الآيات",""
13,40,43,401,"تثبيت فؤاد النبي ﷺ بأن الله لا يغفل ولا يجهل حال المشركين",""
14,1,1,601,"القرآن منزل من الله مهمته الهداية للمؤمنين وتهديد للكافرين به",""
14,2,3,302,"القرآن منزل من الله مهمته الهداية للمؤمنين وتهديد للكافرين به",""
14,4,4,401,"لسان الرسل ووظيفتهم",""
14,5,8,404,"قصة موسى عليه السلام مع قومه",""
14,9,17,404,"من أنباء الأمم السابقة مع رسلهم",""
14,18,18,701,"ضرب المثل لأعمال الذين كفروا",""
14,19,20,101,"الخالق لكون كله هو الله وحده",""
14,21,21,302,"حوار بين أهل النار الضعفاء والمستكبرين",""
14,22,22,302,"تبرؤ الشيطان من أتباعه في النار",""
14,23,23,202,"فوز المؤمنين بالجنة",""
14,24,27,701,"ضرب مثل للكلمة الطيبة والكلمة الخبيثة",""
14,28,30,302,"الكافرون لنعمة الله ومصيرهم",""
14,31,31,202,"توجيهات للمؤمنين تحذيراً من يوم القيامة",""
14,32,34,102,"من مظاهر قدرة الله تعالى ووفرة إنعامه على عباده",""
14,32,34,103,"من مظاهر قدرة الله تعالى ووفرة إنعامه على عباده",""
14,35,41,404,"قصة مناجاة إبراهيم عليه السلام لربه سبحانه",""
14,42,52,302,"تهديد للظالمين ومشاهد من يوم القيامة",""
15,1,9,601,"القرآن الكريم وموقف المشركين منه وعنادهم وحفظ الله له",""
15,10,15,404,"شأن الأمم السابقة واللاحقة في تكذيبهم ما جاء به رسلهم",""
15,16,25,102,"من مظاهر قدرة الله تعالى ووفرة نعمه على عباده",""
15,26,41,403,"قصة خلق الإنسان والجن وسجود الملائكة لآدم وإباء إبليس ومصير من اتبعه",""
15,42,43,302,"قصة خلق الإنسان والجن وسجود الملائكة لآدم وإباء إبليس ومصير من اتبعه",""
15,44,44,403,"قصة خلق الإنسان والجن وسجود الملائكة لآدم وإباء إبليس ومصير من اتبعه",""
15,45,49,202,"ثواب المتقين يوم القيامة وما يقابله من عذابه الأليم للكافرين",""
15,50,50,302,"ثواب المتقين يوم القيامة وما يقابله من عذابه الأليم للكافرين",""
15,51,77,404,"قصة ضيف إبراهيم الملائكة وقصتهم مع لوط وإهلاك قومه",""
15,78,84,404,"قصة أصحاب الأيكة وأصحاب الحجر",""
15,85,99,401,"فضل الله تعالى على نبيه ﷺ وبعض التوجيهات والبشارات له",""
16,1,23,102,"من مظاهر وحدانية الله وقدرته في البعث والخلق ووفرة نعم الله على عباده",""
16,24,29,302,"المستكبرون وجزاؤهم في الدنيا والآخرة",""
16,30,32,202,"المتقون وجزاؤهم يوم القيامة",""
16,33,34,302,"تهديد المشركين ليتعظوا بمن قبلهم",""
16,35,40,302,"بعض ضلالات المشركين في إنكارهم البعث وغير ذلك",""
16,41,42,202,"جزاء المهاجرين",""
16,43,44,404,"حقيقة الرسل ومهمتهم",""
16,45,48,302,"تهديد للكافرين",""
16,49,50,101,"خضوع كل شيء لله تعالى",""
16,51,64,305,"الرد على المشركين في عقائدهم الفاسدة ومصيرهم",""
16,65,70,103,"نعم الله الكثيرة الدالة على قدرته على كل شيء وكفران النعم من المشركين",""
16,71,71,701,"نعم الله الكثيرة الدالة على قدرته على كل شيء وكفران النعم من المشركين",""
16,72,73,102,"نعم الله الكثيرة الدالة على قدرته على كل شيء وكفران النعم من المشركين",""
16,74,76,701,"ضرب الأمثال لتوحيد المعبودية له سبحانه",""
16,77,83,102,"نعم الله الكثيرة الدالة على إحاطة علمه وشمول قدرته وكفران النعم من المشركين",""
16,84,89,304,"بعض مشاهد يوم القيامة",""
16,90,96,202,"توجيهات للمؤمنين",""
16,97,97,202,"الحياة الحقيقية للمؤمنين الذين يعملون الصالحات",""
16,98,100,601,"الأدب في قراءة القرآن وآيات النسخ ومهمة القرآن وغربيته وتهديد المفترين عليه",""
16,101,101,501,"الأدب في قراءة القرآن وآيات النسخ ومهمة القرآن وغربيته وتهديد المفترين عليه",""
16,102,105,602,"الأدب في قراءة القرآن وآيات النسخ ومهمة القرآن وغربيته وتهديد المفترين عليه",""
16,106,109,302,"جزاء المرتدين وصفاتهم",""
16,110,111,202,"جزاء المهاجرين",""
16,112,112,701,"ضرب المثل لمن كفر النعمة",""
16,113,119,501,"الحلال طيب والحرام خبيث والتحليل والتحريم بيد الله تعالى وحده",""
16,120,123,404,"صفات إبراهيم عليه السلام ووجوب اتباع النبي ﷺ ملة إبراهيم واليهود والسبت وتهديدهم",""
16,124,124,302,"تهديدهم",""
16,125,128,401,"توجيهات للنبي ﷺ وللدعاة",""
17,1,8,404,"قصة معجزة الإسراء، وجزء من تاريخ بني إسرائيل",""
17,9,10,601,"مهمة القرآن الكريم",""
17,11,11,303,"طبيعة الإنسان",""
17,12,17,101,"آيات الله في الكون وسنته في عباده والاعتبار بمن سبق من الأمم",""
17,18,18,302,"جزاء من يريد الدنيا العاجلة",""
17,19,19,202,"جزاء من يريد الآخرة ويعمل لها",""
17,20,21,104,"سنة الله في عباده",""
17,22,41,501,"وجوب توحيد الله وبر الوالدين وصلة الأرحام ووجوب التوسط في الإنفاق وتحريم قتل الأولاد والنفس البريئة وتحريم الزنى وأكل الأموال بالباطل واتباع الظن والتكبر والشرك",""
17,42,44,305,"دليل وحدانية الله ورد على المشركين",""
17,45,48,302,"حال المشركين مع القرآن في عنادهم وسد منافذ الهداية بأيديهم",""
17,49,52,302,"إنكار المشركين للبعث والرد عليهم",""
17,53,55,202,"شرط العبودية الحق اتخاذ الشيطان عدوًا ومعرفة ربوبية الله وحده ومهمة الرسل ودرجاتهم",""
17,56,60,305,"الرد على المشركين في عقائدهم الباطلة",""
17,61,65,404,"قصة سجود الملائكة لآدم وامتناع إبليس وتوعده له ولذريته",""
17,66,70,103,"من نعم الله على عباده وإعراض المشركين وتهديدهم",""
17,71,72,304,"مشهد من مشاهد يوم القيامة",""
17,73,84,401,"محاولات المشركين فتنة النبي ﷺ عن دعوته",""
17,78,84,401,"توجيهات للنبي ﷺ",""
17,85,85,102,"توجيهات للنبي ﷺ",""
17,86,89,602,"تحدي القرآن للمشركين أن يأتوا بمثله",""
17,90,93,302,"عناد المشركين",""
17,94,100,305,"الرد على المشركين في شبهاتهم",""
17,94,100,305,"الرد على المشركين في شبهاتهم",""
17,101,104,403,"الحوار بين موسى عليه السلام وفرعون",""
17,105,109,601,"نزول القرآن مفرقًا وخضوع الذين أوتوا العلم له",""
17,110,111,105,"دعاء الله سبحانه بأسمائه الحسنى وحمده على وحدانيته",""
18,1,5,601,"من مهام القرآن الكريم",""
18,6,8,401,"حرص رسول الله ﷺ على إيمان المشركين وتهديد عن ذلك وبيان أن الدنيا دار امتحان لهم",""
18,9,27,404,"قصة أصحاب الكهف",""
18,28,28,202,"الأمر بمجالسة الصالحين ومجانبة الغافلين",""
18,29,29,302,"مصير الظالمين",""
18,30,31,202,"مصير المؤمنين",""
18,32,44,701,"ضرب مثل للمغتر بالدنيا والعارف لحقيقتها الزاهد فيها",""
18,45,46,701,"ضرب مثل لحقيقة الدنيا وفضل عمل الخير",""
18,47,49,304,"بعض مشاهد يوم القيامة",""
18,50,50,403,"قصة أمر الله الملائكة بالسجود لآدم وشق إبليس وعداوته",""
18,51,53,305,"الرد على مزاعم المشركين ومصيرهم",""
18,54,59,302,"مهمة القرآن والرسل وموقف المشركين وإمهال الله لهم لأجل مسمى",""
18,60,82,404,"قصة موسى مع الخضر عليهما السلام",""
18,60,82,404,"قصة موسى مع الخضر عليهما السلام",""
18,83,99,404,"قصة ذي القرنين ويأجوج ومأجوج وخروجهم من أشراط الساعة",""
18,100,106,302,"جزاء الكافرين يوم القيامة",""
18,107,108,202,"جزاء المؤمنين يوم القيامة",""
18,109,110,101,"كمال علم الله تعالى ووحدانيته وبشرية الرسول ﷺ",""
19,1,15,404,"قصة زكريا وبشارته بيحيى عليهما السلام",""
19,16,40,404,"قصة مريم وحملها بعيسى من غير أب عليهما السلام",""
19,41,50,404,"قصة إبراهيم عليه السلام",""
19,51,53,404,"قصة موسى وأخيه هارون عليهما السلام",""
19,54,55,404,"قصة إسماعيل عليه السلام",""
19,56,57,404,"قصة إدريس عليه السلام",""
19,58,58,404,"نعمة بعض الأنبياء وخضوعهم إلى الله جميعًا",""
19,59,59,302,"حال الأمم بعدهم من الضلالة",""
19,60,63,202,"حال المؤمنين وجزاؤهم",""
19,64,65,101,"كل شيء بأمر الله سبحانه الواحد القادر الذي يستحق العبادة وحده",""
19,66,75,302,"المنكرون للبعث وجزاؤهم وصفاتهم",""
19,76,76,202,"جزاء المهتدين العاملين للصالحات",""
19,77,95,305,"الرد على افتراءات المشركين وجزاؤهم",""
19,85,85,202,"الرد على افتراءات المشركين وجزاؤهم",""
19,86,95,305,"الرد على افتراءات المشركين وجزاؤهم",""
19,96,97,202,"جزاء المؤمنين ومهمة القرآن وإهلاك كثيرة من الأمم السابقة",""
19,98,98,404,"جزاء المؤمنين ومهمة القرآن وإهلاك كثيرة من الأمم السابقة",""
20,1,8,601,"القرآن الكريم، مهمته وصفات من أنزله",""
20,1,8,105,"القرآن الكريم، مهمته وصفات من أنزله",""
20,9,16,404,"مناجاة موسى عليه السلام ربه سبحانه في الوادي المقدس",""
20,17,36,404,"معجزات موسى عليه السلام وتكليفه بالذهاب إلى فرعون والتجائه إلى الله",""
20,37,41,404,"تذكير موسى عليه السلام بنعم الله تعالى عليه قبل النبوة",""
20,42,48,404,"التأكيد على تكليفه وأخيه هارون بالذهاب إلى فرعون ودعوته",""
20,49,55,404,"الحوار بين موسى عليه السلام وفرعون",""
20,56,76,404,"المبارزة بين موسى عليه السلام وفرعون ثم السحرة لإبطال سحرهم ثم إيمانهم بالله تعالى",""
20,77,82,404,"إغراق الله تعالى لفرعون وجنوده عند اللحاق بموسى، وامتنان الله على بني إسرائيل بذلك",""
20,83,99,404,"إضلال السامري بني إسرائيل وغضب موسى على قومه وعلى أخيه هارون",""
20,100,112,304,"جزاء المعرضين عن القرآن ومشاهد من يوم القيامة",""
20,113,114,601,"القرآن ومهمته",""
20,115,127,403,"قصة آدم وسجود الملائكة له دون إبليس وتحذير الله آدم من إبليس وقصة خروجه من الجنة وهبوطه إلى الأرض بعد الأكل من الشجرة",""
20,128,129,302,"الاعتبار بمن هلك من الأمم الماضية وعناد المشركين وتهديدهم بالعذاب",""
20,130,132,401,"توجيهات للنبي ﷺ",""
20,133,135,302,"الاعتبار بمن هلك من الأمم الماضية وعناد المشركين وتهديدهم بالعذاب",""
21,1,10,302,"يوم الحساب وتكذيب المشركين للقرآن والنبي ﷺ وعاقبة المكذبين",""
21,11,15,404,"ذكر لمصارع الأولين للاعتبار بهم",""
21,16,20,101,"حكمة الله وقدرته في خلق السماوات والأرض",""
21,21,33,101,"أدلة وحدانية الله وقدرته في خلق السماوات والأرض",""
21,34,47,302,"بعض مواقف المشركين مع النبي ﷺ وتهديدهم بعذاب الدنيا والآخرة",""
21,48,50,404,"قصة موسى وهارون عليهما السلام",""
21,51,73,404,"قصة إبراهيم عليه السلام مع قومه وهبته إسحاق ويعقوب نبيين",""
21,74,75,404,"قصة لوط عليه السلام مع قومه",""
21,76,77,404,"قصة نوح عليه السلام مع قومه وغرق المكذبين به",""
21,78,82,404,"قصة داود وسليمان عليهما السلام",""
21,83,84,404,"قصة أيوب عليه السلام",""
21,85,86,404,"قصة إسماعيل وإدريس وذي الكفل عليهم السلام",""
21,87,88,404,"قصة يونس عليه السلام",""
21,89,90,404,"قصة زكريا وبشارته بيحيى عليهما السلام",""
21,91,91,404,"قصة مريم عليها السلام",""
21,92,95,105,"كل الأنبياء يدعون لدين واحد وموقف الناس منهم وجزاء كل منهم",""
21,96,100,305,"خروج يأجوج ومأجوج من علامات الساعة وجزاء المشركين",""
21,101,103,202,"نجاة المؤمنين من فزع يوم القيامة",""
21,104,106,102,"من مظاهر قدرة الله ونعمه على عباده",""
21,104,106,103,"من مظاهر قدرة الله ونعمه على عباده",""
21,107,112,401,"صفة رسول الله ﷺ ومهمته وتهديد من أعرض عنه",""
22,1,7,304,"شدة هول يوم القيامة وأدلة قدرة الله على البعث",""
22,8,16,302,"جدال المشركين وعبادة المنافقين",""
22,17,18,102,"حكم الله بين العباد وسجود جميع المخلوقات له سبحانه",""
22,19,22,302,"الكافرون وجزاؤهم",""
22,23,24,202,"المؤمنون وجزاؤهم",""
22,23,24,202,"المؤمنون وجزاؤهم",""
22,25,29,501,"المسجد الحرام وصد المشركين عنه وعن سبيل الله والأمر بالحج إليه",""
22,30,37,501,"وجوب تعظيم حرمات الله وشعائره وخطر الشرك والتسمية عند الذبح",""
22,38,41,202,"دفاع الله عن المؤمنين ونصرهم وصفاتهم وأول مشروعية القتال",""
22,42,48,404,"هلاك الأمم السابقة لتكذيبهم رسلهم والاعتبار بهم",""
22,49,49,401,"مهمة الرسول",""
22,50,50,202,"عاقبة المؤمنين",""
22,51,51,302,"عاقبة الكافرين",""
22,52,57,302,"موقف الشيطان من الأنبياء وافتراق الناس بسببه لمؤمنين وكافرين وعاقبة كل منهم",""
22,58,60,202,"جزاء المهاجرين في سبيل الله",""
22,61,66,102,"من مظاهر قدرة الله تعالى وفضله على عباده",""
22,61,66,103,"من مظاهر قدرة الله تعالى وفضله على عباده",""
22,67,72,305,"توجيهات إلهية في كيفية محاجة المشركين",""
22,73,76,701,"ضرب مثل لأصنامهم التي يعبدونها من دون الله",""
22,77,78,202,"توجيهات إلهية للمؤمنين",""
23,1,11,202,"صفات المؤمنين وجزاؤهم",""
23,12,22,101,"من مظاهر قدرة الله في الكون وآيات البعث ومظاهر نعمه",""
23,23,30,404,"قصة نوح عليه السلام",""
23,31,44,403,"قصة هود عليه السلام على الأرجح وغيره عليهم السلام",""
23,45,50,403,"قصة موسى وأخيه هارون عليهما السلام ثم قصة عيسى عليه السلام",""
23,51,52,403,"توجيهات للرسل وبيان وحدة عقيدتهم ودعوتهم",""
23,53,56,303,"اختلاف الناس من بعد الرسل",""
23,57,62,202,"من صفات المؤمنين",""
23,63,77,302,"من صفات الكافرين وأعمالهم ووعيدهم",""
23,78,80,102,"بعض مظاهر قدرة الله تعالى",""
23,81,92,302,"إنكار المشركين للبعث والرد عليهم وإثبات الوحدانية لله تعالى",""
23,81,92,105,"إنكار المشركين للبعث والرد عليهم وإثبات الوحدانية لله تعالى",""
23,93,98,401,"توجيهات إلهية للنبي ﷺ",""
23,99,118,303,"ندم الإنسان عند الموت ومشاهد من يوم القيامة",""
24,1,2,501,"حكم الزنى",""
24,3,5,501,"حكم القذف",""
24,6,10,501,"حكم قذف الزوجة اللعان",""
24,11,22,401,"قصة الإفك",""
24,23,26,302,"جزاء القذف في الآخرة",""
24,27,29,501,"آداب دخول البيوت",""
24,30,31,501,"الأمر بغض البصر للرجال والنساء والأمر بإخفاء زينتهن",""
24,32,34,501,"الأمر بتزويج الذكور والإناث ومكاتبة الأرقاء",""
24,35,35,701,"ضرب المثل لنور الله تعالى",""
24,36,38,202,"فضل عمار المساجد وجزاؤهم",""
24,39,40,701,"ضرب المثل للكافرين وأعمالهم",""
24,41,46,101,"مظاهر قدرة الله تعالى في الكون",""
24,47,50,302,"موقف المنافقين من آيات الله تعالى",""
24,51,54,202,"طاعة المؤمنين لحكم الله",""
24,53,53,302,"كذب المنافقين في طاعتهم لحكم الله",""
24,55,57,104,"سنة الله في عباده المؤمنين والكافرين",""
24,58,61,501,"آداب البيوت والدخول إليها والأكل منها",""
24,62,63,202,"ذات المؤمنين في معاملتهم رسول الله ﷺ",""
24,64,64,101,"ملك الله وعلمه وقدرته",""
25,1,1,601,"القرآن ومهمته",""
25,2,10,305,"الرد على المشركين الذين طعنوا في الوحدانية وفي القرآن وفي الرسول ﷺ",""
25,11,14,302,"إنكار المشركين للبعث وجزاؤهم يوم القيامة",""
25,15,16,202,"جزاء المتقين يوم القيامة",""
25,17,19,302,"المشركون وأتباعهم وجزاؤهم يوم القيامة",""
25,20,20,401,"حقيقة الرسل",""
25,21,23,302,"تعنت الكافرين ومآلهم",""
25,24,24,202,"جزاء المؤمنين",""
25,25,29,304,"من مشاهد يوم القيامة",""
25,30,31,302,"هجر الكفار للقرآن الكريم",""
25,32,34,305,"الرد على المشركين الذين طلبوا نزول القرآن جملة واحدة",""
25,35,40,404,"قصص بعض الأنبياء مع قومهم للاعتبار بهم",""
25,41,44,302,"استهزاء المشركين بالنبي ﷺ وتشبيههم بالأنعام",""
25,45,62,101,"بعض مظاهر نعم الله وقدرته في الكون وموقف المشركين",""
25,45,62,103,"بعض مظاهر نعم الله وقدرته في الكون وموقف المشركين",""
25,63,77,202,"صفات عباد الرحمن",""
26,1,2,601,"مهمة القرآن الكريم",""
26,3,9,302,"موقف المشركين من الرسول وآياته وتحسر النبي عليهم",""
26,10,51,404,"قصة موسى عليه السلام مع فرعون وإيمان سحرته رغم تهديده لهم",""
26,52,68,404,"نجاة موسى والمؤمنين به وإغراق فرعون وجنوده",""
26,69,89,404,"قصة إبراهيم عليه السلام مع أبيه وقومه",""
26,90,104,304,"من مشاهد يوم القيامة وتلاوم بعضهم لبعض في النار",""
26,105,122,404,"قصة نوح عليه السلام مع قومه",""
26,123,140,404,"قصة هود عليه السلام مع قومه",""
26,141,159,404,"قصة صالح عليه السلام مع قومه",""
26,160,175,404,"قصة لوط عليه السلام مع قومه",""
26,176,191,404,"قصة شعيب عليه السلام مع قومه",""
26,192,220,601,"القرآن الكريم ومصدره وموقف المشركين منه",""
26,214,220,401,"نصائح إلهية للنبي ﷺ",""
26,221,227,305,"الرد على المشركين وتهديدهم",""
27,1,6,601,"القرآن الكريم كتاب هداية مبشر للمؤمنين ومنذر للكافرين منزل من عند الله",""
27,7,14,404,"قصة موسى عليه السلام وبعض معجزاته",""
27,15,19,404,"قصة داود وسليمان عليهما السلام وذمهم الله عليهم",""
27,20,28,404,"قصة سليمان عليه السلام مع الهدهد",""
27,29,44,404,"قصة سليمان عليه السلام مع بلقيس حتى إسلامها",""
27,45,53,404,"قصة صالح عليه السلام مع قومه",""
27,54,58,404,"قصة لوط عليه السلام مع قومه",""
27,59,65,101,"من مظاهر قدرة الله تعالى في الكون الدالة على وحدانيته",""
27,66,75,302,"موقف المشركين من البعث",""
27,76,78,601,"القرآن الكريم ومهماته",""
27,79,81,401,"النبي ﷺ ومهمته وحدود تأثيره في الكافر والمؤمن",""
27,82,90,304,"من مشاهد يوم القيامة",""
27,91,93,401,"مهمة النبي ﷺ ومن تبعه",""
28,1,3,601,"صحة القرآن الكريم",""
28,3,6,404,"مقدمة عن قصة موسى وفرعون وفساد فرعون في الأرض وتوعده",""
28,7,14,404,"إلقاء موسى في اليم والتقاط آل فرعون له وعودته إلى أمه وتشريفه بالنبوة",""
28,15,21,404,"قتل موسى عليه السلام للقبطي خطأ وخروجه من مصر بعد اكتشاف أمره",""
28,22,28,404,"دخول موسى أرض مدين وزواجه من بنت شعيب وتحديد المهر",""
28,29,32,404,"عودته إلى مصر وتكليم الله له وبعض معجزاته التي أيده الله بها ليذهب إلى فرعون",""
28,33,46,404,"تكذيب فرعون وعاقبة عناده وحاجة الناس للرسل",""
28,47,51,305,"تكذيب كفار مكة للرسول ﷺ والقرآن ورد على شبهاتهم",""
28,52,55,402,"بيان أن أهل الكتاب منهم من آمن وجزاؤهم وصفاتهم",""
28,56,61,305,"زعم المشركين والرد عليهم",""
28,62,66,303,"من مواقف المشركين ومخاصمتهم يوم القيامة",""
28,67,67,202,"فلاح المؤمنين يوم القيامة",""
28,68,75,102,"بعض مظاهر قدرة الله في الكون وإرادته المطلقة ونعمه ورحمته بعباده",""
28,76,84,404,"قصة قارون وجزاؤه والعبرة منها",""
28,85,88,404,"بعض التوجيهات للنبي ﷺ",""
29,1,6,104,"اختبار الناس في الدنيا سنة الله في عباده وجزاء الفائزين",""
29,7,7,202,"اختبار الناس في الدنيا سنة الله في عباده وجزاء الفائزين",""
29,8,8,104,"اختبار الناس في الدنيا سنة الله في عباده وجزاء الفائزين",""
29,9,9,202,"اختبار الناس في الدنيا سنة الله في عباده وجزاء الفائزين",""
29,10,13,302,"خداع المنافقين وكذب الكافرين وتهديدهم",""
29,14,15,403,"قصة نوح عليه السلام مع قومه",""
29,16,25,403,"قصة إبراهيم عليه السلام مع قومه ونجاته من النار",""
29,26,35,403,"قصة إيمان لوط لإبراهيم عليهما السلام وقصته مع قومه",""
29,36,39,403,"قصص شعيب وهود وصالح وموسى عليهم السلام وأقوامهم",""
29,40,40,302,"عاقبة الأقوام الذين كذبوا أنبياءهم في الدنيا",""
29,41,44,701,"ضرب مثل لمن اتخذ من دون الله أولياء",""
29,45,45,401,"توجيهات للنبي ﷺ ومن آمن به لتلاوة القرآن وإقامة الصلاة وبيان ثمرتها",""
29,46,55,305,"توجيهات في طريقة مجادلة أهل الكتاب وكيفية الرد عليهم في شبهاتهم",""
29,56,60,202,"أمر للمؤمنين بالهجرة وثواب الصابرين",""
29,61,63,101,"اعتراف المشركين بقدرة الله وأنه الرزاق وحده",""
29,64,67,302,"حقيقة الدنيا وطبيعة الكفار فيها",""
29,68,68,302,"عقاب الكافرين",""
29,69,69,202,"جزاء المحسنين",""
30,1,7,602,"الإخبار بالغيب عن الفرس والروم وتحدي المشركين بذلك",""
30,8,8,101,"دعوة للتفكر في الكون",""
30,9,10,404,"الأمر بالسير في الأرض للاعتبار بهلاك المكذبين من الأمم السابقة",""
30,11,14,303,"إثبات البعث وأحوال الناس يؤمئذ مؤمنهم وكافرهم",""
30,15,15,202,"إثبات البعث وأحوال الناس يؤمئذ مؤمنهم وكافرهم",""
30,16,16,302,"إثبات البعث وأحوال الناس يؤمئذ مؤمنهم وكافرهم",""
30,17,27,102,"التنزيه والتحميد لله تعالى لوحدانيته وقدرته ونعمه",""
30,28,29,701,"ضرب المثل لإثبات وحدانية الله تعالى",""
30,30,32,105,"الإسلام دين الفطرة والوحدانية",""
30,33,37,302,"طبيعة الناس في السراء والضراء",""
30,38,39,202,"توجيهات للنبي ﷺ والمؤمنين",""
30,40,42,101,"من أدلة التوحيد ونتائج أعمال البشر",""
30,43,44,302,"الأمر باتباع الدين القيم والتحذير من يوم القيامة",""
30,45,45,202,"جزاء المؤمنين يوم القيامة",""
30,46,50,101,"أدلة أخرى على توحيد الله وقدرته وبيان عاقبة المجرمين",""
30,51,51,302,"طبيعة الكفار",""
30,52,53,401,"مقدار تأثير النبي ﷺ في الكافرين والمؤمنين",""
30,54,54,101,"قدرة الله في خلق الإنسان بأطواره المختلفة",""
30,55,57,304,"أحوال الناس يوم القيامة",""
30,58,60,302,"موقف الكافرين من آيات الله وأمر النبي ﷺ بالصبر",""
31,1,3,601,"مهمة القرآن الكريم",""
31,4,5,202,"بعض صفات المحسنين وجزاؤهم",""
31,6,7,302,"بعض صفات الضالين وجزاؤهم",""
31,8,9,202,"جزاء المؤمنين",""
31,10,11,101,"من أدلة وحدانية الله تعالى وقدرته",""
31,12,19,404,"قصة لقمان الحكيم ووصاياه لابنه",""
31,20,24,101,"نعم الله تعالى وعناد المشركين في إشراكهم وتوبيخهم",""
31,25,27,102,"اعتراف المشركين بقدرة الله وآيات قدرته تعالى وسعة علمه",""
31,28,28,303,"إثبات البعث",""
31,29,31,102,"أدلة أخرى على وجود الله ووفرة نعمه وقدرته سبحانه",""
31,32,32,302,"طبيعة الكفار",""
31,33,33,302,"الأمر بالتقوى والخوف من اليوم الآخر والتحذير من الدنيا والشيطان",""
31,34,34,102,"مفاتيح الغيب بيد الله سبحانه وتعالى وحده",""
32,1,3,601,"القرآن وكونه من عند الله",""
32,3,3,305,"الرد على من ادعى افتراءه",""
32,4,9,102,"بعض الأدلة على قدرة الله ووحدانيته ونعمه",""
32,10,14,302,"إنكار المشركين للبعث وبيان حالهم يوم القيامة",""
32,15,19,202,"صفات المؤمنين وجزاؤهم",""
32,20,22,302,"جزاء الكافرين وإعراضهم عن آيات الله",""
32,23,25,404,"ذكر إنزال التوراة على موسى وتكريم أنبيائه",""
32,26,27,101,"آيات القدرة الإلهية على كل شيء",""
32,28,30,303,"إثبات البعث",""
33,1,3,401,"توجيهات للنبي ﷺ",""
33,4,5,501,"تحريم الظهار والتبني",""
33,6,6,501,"مكانة النبي ﷺ ومشروعية توريث ذوي الأرحام",""
33,7,8,404,"أخذ الميثاق من النبيين",""
33,9,27,404,"قصة غزوة الأحزاب والعبر منها",""
33,28,29,401,"تخيير زوجات النبي ﷺ بين الدنيا والآخرة",""
33,30,34,401,"توجيهات وآداب بيت النبوة",""
33,35,35,202,"جزاء من يؤمن ويتمثل بأحسن الصفات ذكرًا كان أو أنثى",""
33,36,40,401,"قصة زينب مع زيد وزواجها من النبي ﷺ لإبطال التبني",""
33,41,44,202,"الأمر بكثرة ذكر الله وتسبيحه وفضل الله على المؤمنين",""
33,45,48,401,"مهمة رسول الله ﷺ وبعض صفاته",""
33,49,52,501,"من أحكام النكاح والطلاق والعدة منه وأحكام خاصة به ﷺ في زواجه",""
33,53,55,501,"آداب دخول المؤمنين بيت النبوة",""
33,56,56,401,"فضل الصلاة على النبي ﷺ",""
33,57,58,302,"جزاء الذين يؤذون الله ورسوله والمؤمنين",""
33,59,59,501,"وجوب الحجاب على النساء",""
33,60,62,302,"تهديد المنافقين",""
33,63,68,302,"حقيقة قيام الساعة وقربها وما أعد الله فيها للكافرين",""
33,69,71,202,"توجيهات للمؤمنين وبيان جزائهم على ذلك",""
33,72,73,302,"مكانة الأمانة والتحذير من الخيانة",""
34,1,9,302,"إثبات البعث والرد على منكريه",""
34,10,14,404,"داود وسليمان ونعم الله عليهما",""
34,15,21,404,"قصة سبأ وسيل العرم",""
34,22,30,305,"شبه المشركين ونقاشهم وبيان مآلهم يوم القيامة",""
34,31,33,302,"رفض المشركين الإيمان بالقرآن والحوار يوم القيامة بين الضالين والمضلين",""
34,34,35,302,"طبيعة المترفين وجوابهم لرسلهم",""
34,36,39,104,"سنة الله في عباده",""
34,40,45,302,"من مواقف الكفار في الدنيا والآخرة",""
34,46,54,302,"من مواقف الكفار في الدنيا والآخرة",""
35,1,4,101,"الثناء على الله تعالى لأن كل شيء بيده فهو وحده الخالق المنعم",""
35,5,6,302,"التحذير من الدنيا ومن الشيطان وانقسام الناس بذلك لقسمين",""
35,7,7,202,"إثبات البعث والحساب",""
35,8,10,302,"التحذير من الدنيا ومن الشيطان وانقسام الناس بذلك لقسمين",""
35,11,13,101,"من مظاهر القدرة الإلهية والوحدانية",""
35,14,14,105,"حقيقة الأصنام والشركاء",""
35,15,18,104,"الله الغني القادر والإنسان فقير مسؤول يوم القيامة عن نفسه",""
35,19,22,701,"ضرب الأمثال للكافر والمؤمن",""
35,23,24,401,"حقيقة الرسول ﷺ",""
35,25,26,302,"تكذيب الكفار وعقابهم",""
35,27,28,101,"تنوع الخلق بنظام واحد دليل وحدة الخالق وفضل العلماء",""
35,29,35,202,"فضل الذين يتلون ويرتلون كتاب الله وجزاؤهم",""
35,36,39,302,"حال الكافرين في جهنم",""
35,40,43,305,"مناقشة المشركين في عقائدهم",""
35,44,45,104,"سنة الله في إهلاك الكفرة بعد إمهالهم",""
36,1,12,401,"تنزيل القرآن من الله تعالى على الرسول ﷺ المنذر للمشركين المعاندين بالعقاب والمبشر للمؤمنين بالثواب",""
36,13,13,701,"ضرب المثل للمعاندين",""
36,14,32,404,"قصة أصحاب القرية المعاندين",""
36,33,44,101,"مظاهر قدرة الله في الأرض والسماء والبحر وفضله",""
36,45,48,302,"موقف الكفار من آيات الله الداعية للتقوى والإنفاق",""
36,49,54,304,"إثبات البعث وبيان أهواله وتخويف المشركين",""
36,55,58,202,"ثواب المؤمنين في الجنة",""
36,59,68,302,"عقاب الكافرين في جهنم",""
36,69,70,401,"مهمة الرسول ﷺ ونفي كونه شاعرا",""
36,71,73,103,"من مظاهر قدرة الله ونعمه على عباده",""
36,74,76,302,"موقف المشركين من نعم الله تعالى وتوعدهم",""
36,77,83,304,"من أدلة إثبات البعث",""
37,1,10,101,"وحدانية الله تعالى وقدرته في الكون وحفظ السماء من الشياطين",""
37,11,39,304,"إنكار المشركين للبعث وجزاؤهم يوم القيامة",""
37,40,61,202,"أصحاب الجنة ونعيمهم وتذكرهم لقرناء السوء في الدنيا",""
37,51,55,304,"قول منكر البعث في الدنيا ونهايته",""
37,56,61,202,"شكر المؤمن في الجنة ربه سبحانه على نجاته من الكفر والنار",""
37,62,74,302,"شجرة الزقوم للظالمين في جهنم وسبب عقابهم",""
37,75,82,404,"قصة نوح عليه السلام وعاقبة المكذبين",""
37,83,98,404,"قصة إبراهيم عليه السلام مع قومه ومعجزة انقلاب النار بردًا وسلامًا عليه",""
37,99,113,404,"تبشيره بغلامه إسماعيل استجابة لدعائه وقصة أمره بذبحه وفدائه وتبشيره بإسحاق",""
37,114,122,404,"قصة موسى وهارون عليهما السلام",""
37,123,132,404,"قصة إلياس عليه السلام مع قومه",""
37,133,138,404,"قصة لوط عليه السلام مع قومه",""
37,139,148,404,"قصة يونس عليه السلام مع قومه",""
37,149,182,305,"مناقشة المشركين في عقائدهم وتهديدهم",""
38,1,11,305,"طبيعة المشركين في شقاقهم وتكبرهم إنكارهم والرد عليهم",""
38,12,16,404,"ذكر الأمم السابقة وتكذيبهم رسلهم وتهديدهم",""
38,17,26,403,"قصة داود عليه السلام وفتنته",""
38,27,28,304,"إثبات البعث والعدل يوم الحساب",""
38,29,29,601,"فضل القرآن ومهمته",""
38,30,40,403,"قصة سليمان عليه السلام وفتنته",""
38,41,44,403,"قصة أيوب عليه السلام وفتنته",""
38,45,48,403,"قصة إبراهيم وذريته من الآنبياء",""
38,49,54,202,"جزاء المتقين ونعيمهم",""
38,55,64,302,"جزاء الطاغين وحوارهم في النار",""
38,65,70,401,"تأكيد رسالة النبي ﷺ",""
38,71,83,403,"قصة خلق آدم وسجود الملائكة له واستكبار إبليس وإخراجه من الجنة وعداوته لأدم",""
38,84,85,302,"توعد الله لأتباع إبليس",""
38,86,88,401,"مهمة الرسول والقرآن",""
39,1,2,601,"صفة القرآن والأمر بعبادة الله وحده وبيان حال المشركين والرد عليهم",""
39,3,4,305,"صفة القرآن والأمر بعبادة الله وحده وبيان حال المشركين والرد عليهم",""
39,5,6,101,"من مظاهر قدرته تعالى ونعمه",""
39,7,7,303,"إثبات الحساب يوم القيامة بعد البعث",""
39,8,8,303,"طبيعة الإنسان في الضراء والسراء",""
39,9,14,202,"أحوال المؤمنين وجزاؤهم",""
39,15,16,302,"تهديد للكافرين",""
39,17,18,202,"صفات المؤمنين وجزاؤهم",""
39,19,19,302,"تهديد للكافرين",""
39,20,20,202,"صفات المؤمنين وجزاؤهم",""
39,21,21,101,"حال الدنيا",""
39,22,23,601,"نور الإسلام وتأثير القرآن الكريم",""
39,24,26,302,"عاقبة الكافرين",""
39,27,29,701,"ضرب الأمثال في القرآن الكريم",""
39,30,32,302,"اختصام الناس يوم القيامة وجزاء المكذبين",""
39,33,35,202,"جزاء الصادقين والمتقين",""
39,36,37,105,"لا ضار ولا نافع ولا مضل ولا هادي إلا الله",""
39,38,40,305,"مناقشة المشركين في اعتقادهم الباطل بالأصنام وتهديدهم",""
39,41,41,601,"نزول القرآن من عند الله وافتراق الناس فيه إلى مؤمن وكافر",""
39,42,42,102,"من مظاهر القدرة الإلهية",""
39,43,46,305,"مناقشة المشركين والرد عليهم",""
39,47,48,302,"حال الظالمين يوم القيامة",""
39,49,51,303,"طبيعة الإنسان في الضراء والسراء وعقوبته",""
39,52,52,102,"الرزق بيد الله",""
39,53,55,202,"دعوة الله عباده للتوبة والإنابة وتهديد من لم يستجب",""
39,56,60,302,"ندم من لم يستجب يوم القيامة والرد عليه ومصيره",""
39,61,61,202,"مصير المؤمنين يوم القيامة",""
39,62,67,105,"وحدانية الله والنهي عن الشرك في عبادته والأمر بعبادته وحده",""
39,68,70,304,"نفخة الصور وبدء الحساب يوم القيامة",""
39,71,72,302,"حال الكفار وجزاؤهم يوم القيامة",""
39,73,74,202,"حال المؤمنين وجزاؤهم يوم القيامة",""
39,75,75,101,"عظمة الله يوم القيامة",""
40,1,3,104,"القرآن كلام الله وصفات الله سبحانه",""
40,4,4,302,"جدال الكفار في آيات الله تعالى",""
40,5,6,404,"تعذيب الأمم السابقة وعقابهم",""
40,7,9,202,"حملة العرش وتسبيحهم ودعاؤهم للمؤمنين",""
40,10,12,302,"إحاطة مقت الله بالكافرين واعترافهم بذنوبهم",""
40,13,15,102,"من مظاهر قدرة الله ونعمه ووحدانيته في الدنيا",""
40,16,20,304,"من أحوال يوم القيامة",""
40,21,22,404,"الأمر بالسير في الأرض للاعتبار بعاقبة الأمم المكذبة السابقة",""
40,23,27,404,"قصة موسى عليه السلام مع فرعون وهامان وقارون",""
40,28,46,404,"قصة مؤمن آل فرعون ونصائحه لقومه وجواب فرعون وعناده",""
40,47,50,302,"المحاورة بين الضالين والمضلين وبين أهل النار وخزنتها",""
40,51,55,403,"نصر الرسل والمؤمنين في الدنيا والآخرة وتوجيهات للنبي ﷺ",""
40,56,68,302,"الكبر سبب الجحود وبيان قدرة الله ونعمه وإثبات قيام الساعة وعاقبة المتكبرين عن عبادة الله وحده",""
40,69,76,302,"جزاء المجادلين في آيات الله بالباطل كبرًا",""
40,77,78,401,"أمر النبي ﷺ بالصبر والتأسي بالرسل قبله حتى يأتي أمر الله",""
40,79,81,103,"من نعم الله تعالى على عباده",""
40,82,85,302,"تهديد الكافرين بإيمانهم حين يعاينوا العذاب حيث لا ينفعهم",""
41,1,4,601,"القرآن الكريم ومهمته",""
41,5,7,302,"موقف المشركين من القرآن وجوابهم وتهديدهم",""
41,8,8,202,"جزاء المؤمنين",""
41,9,12,101,"من أدلة وجود الله وقدرته وقصة الخلق",""
41,13,18,404,"تهديد المشركين بمثال عاقبة عاد وثمود",""
41,19,29,302,"عقوبة أعداء الله في الحشر",""
41,30,32,202,"ثواب المستقيمين في الدنيا والآخرة",""
41,33,36,202,"فضل وآداب الدعوة إلى الله",""
41,37,39,101,"بعض آيات الله الدالة على قدرته",""
41,40,44,601,"تهديد الملحدين في القرآن والتأكيد على أن القرآن منزل من عند الله عربيًا هدى وشفاء للمؤمنين وعمى على الكافرين",""
41,45,46,404,"ذكر موسى عليه السلام والتوراة واختلاف الناس فيه وجزاء كل من المؤمنين والكافرين",""
41,47,48,102,"اختصاص علم الساعة وعلم الغيب بالله تعالى وضلال المشركين عن معبوديهم",""
41,49,52,303,"طبيعة الإنسان في الضراء والسراء",""
41,53,54,101,"التأمل في آيات الله في الآفاق والأنفس",""
42,1,6,105,"وحدة الوحي لكل الرسل من الله وعظمة الله تعالى وبعض وظائف الملائكة",""
42,7,9,601,"عربية القرآن ووظيفته وموقف الناس منه",""
42,10,12,103,"التوكل على الله وعظمة الله تعالى ونعمه على عباده",""
42,13,14,105,"الوحي واحد والدين واحد واختلاف الناس فيه",""
42,15,16,401,"الأمر بالدعوة والاستقامة والعدل والرد على المجادلين وتهديدهم",""
42,17,19,302,"إثبات قيام الساعة وقربها ومجادلة الكفار فيها",""
42,20,26,202,"المؤمنون والكافرون وجزاؤهم",""
42,27,27,303,"طبيعة أكثر الناس",""
42,28,36,102,"سنة الله في عباده وبعض مظاهر قدرة الله تعالى",""
42,37,43,202,"من صفات المؤمنين",""
42,44,46,302,"عاقبة الكافرين",""
42,47,50,303,"إثبات يوم القيامة وأن الأمر كله بيد الله تعالى في الدنيا والآخرة",""
42,51,53,105,"أنواع الوحي وحقيقته",""
43,1,4,601,"القرآن وعربيته ومكانته",""
43,5,8,302,"المسرفون واستهزاؤهم بالأنبياء وعقابهم",""
43,9,14,103,"بيان عظمة الله ونعمه على الناس",""
43,15,25,305,"من افتراءات المشركين والرد عليهم وتقاليدهم الأعمى",""
43,26,28,404,"شيء من قصة إبراهيم مع قومه",""
43,29,35,305,"من افتراءات المشركين والرد عليهم",""
43,36,42,302,"الحرص عن ذكر الله قرينه الشيطان في الدنيا وفي نار جهنم",""
43,43,45,401,"توجيهات للنبي ﷺ",""
43,46,56,404,"قصة موسى عليه السلام مع فرعون",""
43,57,66,404,"قصة عيسى وعبوديته لله وأن نزوله من علامات الساعة",""
43,67,73,202,"جزاء المتقين في الجنة",""
43,74,80,302,"عذاب أهل النار في النار",""
43,81,89,105,"أدلة الوحدانية ونفي الشريك والولد عن الله سبحانه",""
44,1,6,601,"نزول القرآن في ليلة القدر",""
44,7,8,102,"بيان قدرة الله تعالى",""
44,9,16,302,"موقف المشركين من الدعوة والقرآن وتهديدهم",""
44,17,33,404,"قصة قوم فرعون للاعتبار بما حل بهم",""
44,34,39,302,"إنكار المشركين للبعث والرد عليهم",""
44,40,50,302,"ما أعده الله تعالى لمنكري البعث من العذاب",""
44,51,59,202,"جزاء المتقين في الجنة",""
45,1,6,101,"من الآيات الدالة على وحدانية الله سبحانه وقدرته",""
45,7,11,302,"تهديد الكافرين المكذبين بآيات الله سبحانه وتعالى",""
45,12,13,103,"من نعم الله تعالى على عباده",""
45,14,15,202,"توجيهات للمؤمنين",""
45,16,22,404,"من نعم الله على بني إسرائيل ومقابلة ذلك بالبغي وتهديدهم",""
45,23,29,302,"ضلال المشركين وإنكارهم البعث وجزاؤهم",""
45,30,30,202,"جزاء المؤمنين",""
45,31,35,302,"جزاء الكافرين المستكبرين المنكرين للبعث وبيان سبب العذاب لهم",""
45,36,37,102,"بيان فضل الله تعالى وكبريائه",""
46,1,6,305,"إثبات القدرة الإلهية ومناقشة المشركين في شركهم",""
46,7,12,305,"مناقشة المشركين في موقفهم من القرآن والنبي ﷺ",""
46,13,14,202,"جزاء المستقيمين",""
46,15,16,202,"الوصية بالوالدين وبيان فضل الأم وجزاء البار بوالديه",""
46,17,19,302,"جزاء العاق لوالديه المنكر للبعث",""
46,20,20,302,"جزاء المستكبرين الفاسقين",""
46,21,28,404,"قصة هود عليه السلام مع قومه عاد",""
46,29,32,105,"إيمان بعض الجن بالقرآن الكريم وبدعوة رسول الله ﷺ",""
46,33,35,303,"إثبات البعث بالأدلة وتهديد المنكرين له",""
47,1,3,104,"جزاء وأحوال كل من الكفار والمؤمنين",""
47,4,6,203,"الأمر بجهاد الكافرين وثواب المجاهدين",""
47,7,14,104,"شروط النصر للمؤمنين والخذلان للكافرين وجزاء كل منهما في الآخرة",""
47,15,18,302,"ما أعد للمتقين في الجنة وما أعد للكافرين في النار",""
47,19,19,202,"الأمر بالعلم والاستغفار",""
47,20,30,302,"أحوال المنافقين وعاقبتهم",""
47,31,31,202,"ابتلاء المجاهدين الصابرين وتوجيه للمؤمنين",""
47,32,32,302,"ابتلاء المجاهدين الصابرين وتوجيه للمؤمنين",""
47,33,33,202,"ابتلاء المجاهدين الصابرين وتوجيه للمؤمنين",""
47,34,34,302,"أحوال المنافقين وعاقبتهم",""
47,35,38,203,"حقيقة الدنيا والترهيب فيها والأمر بالإنفاق والجهاد",""
48,1,7,401,"صلح الحديبية وفوائده للمؤمنين وعواقبه على المنافقين والمشركين",""
48,8,10,401,"وظائف النبي ﷺ وبيعة الصحابة له في الحديبية",""
48,11,16,302,"حقيقة المنافقين وتخلفهم عن الحديبية وبيان عاقبتهم",""
48,17,17,501,"رفع الحرج عن أصحاب الأعذار",""
48,18,26,401,"بيعة الرضوان وفضل من بايع وجزاؤه ونتائج الصلح",""
48,27,29,401,"تحقيق رؤيا رسول الله ﷺ وبعض أوصاف الرسول ﷺ وأصحابه",""
49,1,5,202,"آداب المؤمنين مع النبي ﷺ",""
49,6,13,202,"وجوب التثبت من الأخبار وآداب المؤمنين فيما بينهم",""
49,14,18,105,"الفرق بين الإيمان والإسلام وحقيقة الإيمان الصحيح والهداية من الله وحده",""
50,1,11,302,"إنكار المشركين البعث وأدلة إثبات البعث",""
50,12,15,404,"تذكير بالأمم السابقة المكذبة بالبعث ووعيدهم",""
50,16,18,101,"خلق الله الإنسان وعلمه بأحواله",""
50,19,30,302,"الموت حق والبعث حق وحوار بين الكافر وقرينه يوم القيامة",""
50,31,35,202,"ثواب المؤمنين في الجنة وبعض صفاتهم",""
50,36,37,302,"تهديد لمنكري البعث بإهلاكهم كمن قبلهم تتضمن توجيهات للنبي ﷺ",""
50,38,38,101,"تهديد لمنكري البعث بإهلاكهم كمن قبلهم تتضمن توجيهات للنبي ﷺ",""
50,39,40,401,"تهديد لمنكري البعث بإهلاكهم كمن قبلهم تتضمن توجيهات للنبي ﷺ",""
50,41,45,302,"تهديد لمنكري البعث بإهلاكهم كمن قبلهم تتضمن توجيهات للنبي ﷺ",""
51,1,14,302,"إثبات البعث والقسم على وقوعه ولعن المنكرين للبعث وعاقبتهم",""
51,1,14,302,"إثبات البعث والقسم على وقوعه ولعن المنكرين للبعث وعاقبتهم",""
51,15,19,202,"المتقون وجزاؤهم وأوصافهم",""
51,20,23,101,"آيات الله في الأرض والأنفس وحقيقة الرزق وأنه مقسوم مقدر كالحق",""
51,24,37,404,"قصة ضيف إبراهيم عليه السلام من الملائكة وإهلاك قوم لوط",""
51,38,46,404,"ذكر بعض الأنبياء مع أقوامهم المكذبين وعاقبتهم",""
51,47,51,101,"قدرة الله في الكون ووحدانيته",""
51,52,55,302,"موقف الكفار من رسلهم وأمر الرسول ﷺ بالإعراض عنهم والاستمرار بالتذكير",""
51,56,58,101,"الحكمة من خلق الجن والإنس وبيان قدرة الله تعالى",""
51,59,60,302,"عاقبة الظالمين والكافرين",""
52,1,16,302,"إثبات العذاب يوم القيامة للمكذبين",""
52,17,28,202,"إثبات النعيم في الجنة للمتقين وأنواع النعيم",""
52,29,47,305,"مناقشة الكفار في معتقدهم والرد عليهم وتخويفهم بالعذاب",""
52,48,49,401,"توجيهات للنبي ﷺ بالصبر والتسبيح",""
53,1,18,401,"إثبات الوحي ورؤية النبي ﷺ جبريل وآيات الله الكبرى",""
53,19,30,305,"ضلالة عبادة الأصنام ومناقشة عابديها وبيان جهلهم",""
53,31,32,202,"جزاء المسيئين والمحسنين وبيان أوصاف المحسنين",""
53,33,41,302,"توبيخ الوليد بن المغيرة الذي ضل بعد هدى مغترًا بماله",""
53,42,62,101,"الله وحده هو المتصرف في خلقه والقادر على إهلاك الكافرين وبعثهم يوم القيامة",""
54,1,1,401,"معجزة انشقاق القمر",""
54,2,8,302,"موقف المشركين من معجزة انشقاق القمر ووعيدهم",""
54,9,17,404,"قصة نوح عليه السلام مع قومه",""
54,18,22,404,"قصة عاد قوم هود",""
54,23,32,404,"قصة صالح عليه السلام مع قومه ثمود",""
54,33,40,404,"قصة لوط عليه السلام مع قومه",""
54,41,42,404,"قصة آل فرعون",""
54,43,53,302,"التحذير من كفار قريش وبيان مصير المجرمين",""
54,43,53,302,"التهكم من كفار قريش وبيان مصير المجرمين",""
54,54,55,202,"جزاء المتقين",""
55,1,25,103,"نعم الله تعالى على عباده وتوبيخ من يكفرها",""
55,26,30,101,"فناء كل المخلوقات والبقاء لله وحده",""
55,31,36,101,"بيان عجز الإنس والجن أمام قدرة الله تعالى",""
55,37,45,302,"عاقبة المجرمين في الآخرة",""
55,46,78,202,"وصف جنات المتقين",""
56,1,7,304,"من أهوال يوم القيامة وأصناف الناس يومئذ",""
56,8,8,202,"من أهوال يوم القيامة وأصناف الناس يومئذ",""
56,9,9,304,"من أهوال يوم القيامة وأصناف الناس يومئذ",""
56,10,14,202,"من أهوال يوم القيامة وأصناف الناس يومئذ",""
56,15,26,202,"نعيم أصحاب جنات النعيم",""
56,27,40,202,"وصف نعيم أصحاب اليمين",""
56,41,56,302,"عذاب أصحاب الشمال وبيان بعض صفاتهم",""
56,57,74,101,"آلاء الله الدالة على فضله وقدرته على البعث والحساب",""
56,75,87,601,"القسم على عظمة القرآن وأنه من عند الله سبحانه وتهديد المكذبين به",""
56,75,87,302,"القسم على عظمة القرآن وأنه من عند الله سبحانه وتهديد المكذبين به",""
56,88,91,202,"جزاء المتقين وجزاء أصحاب اليمين يوم القيامة",""
56,92,96,302,"عاقبة المكذبين الضالين يوم القيامة",""
57,1,6,101,"تسبيح الله الذي بيده ملكوت كل شيء",""
57,7,12,202,"الأمر بالإيمان بالله تعالى والحث على الإنفاق وجزاء المؤمنين والمتصدقين",""
57,13,16,302,"المنافقون وحوارهم يوم القيامة مع المؤمنين وعاقبتهم",""
57,17,19,202,"دعوة المؤمنين لخشية الله تعالى وثواب المتصدقين والمؤمنين وجزاء الكافرين",""
57,20,20,701,"حقيقة الدنيا وتحذير الناس منها وضرب المثل لها",""
57,21,21,202,"الحث على العمل الصالح",""
57,22,24,101,"الإيمان بالقضاء والقدر يهون المصائب ويدفع للسخاء ويحد البخل",""
57,25,27,401,"الحكمة من إرسال الرسل وذكر بعض قصص الرسل",""
57,28,29,202,"أمر أهل الكتاب بالإيمان برسول الله ﷺ والتقوى ليضاعف لهم الأجر",""
58,1,4,501,"حكم الظهار وكفارته",""
58,5,6,302,"تهديد الكافرين وبيان إحصاء الله أعمالهم",""
58,7,7,102,"إحاطة علم الله بكل شيء",""
58,8,8,302,"عقاب المتناجين بالسوء",""
58,9,11,202,"بيان أدب المناجاة والتحذير من مناجاة السوء وآداب المجالس",""
58,12,13,202,"وجوب الصدقة لمناجاة رسول الله ﷺ ونسخ الوجوب",""
58,14,21,302,"النهي عن موالاة الكفار وبيان عاقبة الموالين لهم",""
58,22,22,202,"نفي الإيمان عن من يوالي الكفار وجزاء المؤمنين الذين لا يوالون الكفار",""
59,1,5,302,"إجلاء يهود بني النضير وتوبيخهم",""
59,6,7,501,"حكم الفيء",""
59,8,10,202,"بيان فضل الفقراء المهاجرين والأنصار الذين آووهم وكذلك الذين ساءوا على نهجهم من بعدهم وأن الفيء هم أحق به",""
59,11,17,302,"المنافقون وموالاتهم لليهود ضد المسلمين وجبنهم وخلافاتهم لبعضهم وجزاؤهم",""
59,18,20,202,"الحث على التقوى والفوز للمتقين",""
59,21,21,601,"بيان قوة تأثير القرآن لتوبيخ الإنسان غير المتأثر فيه",""
59,22,24,105,"أسماء الله الحسنى",""
60,1,3,302,"النهي عن موالاة الكفار وبيان حقيقتهم وعدائهم في الدنيا والآخرة",""
60,4,7,404,"قصة إبراهيم والذين معه في البراءة من المشركين ووجوب التأسي بهم",""
60,8,9,501,"أحكام علاقة المسلمين بالكفار",""
60,10,11,501,"أحكام النساء المهاجرات من دار الكفر إلى دار الإسلام وبالعكس",""
60,12,12,401,"أمر النبي ﷺ بمبايعة النساء المهاجرات إذا جئن مبايعات",""
60,13,13,302,"تأكيد النهي عن موالاة الكفار والمغضوب عليهم",""
61,1,1,101,"تسبيح الله مالك السماوات والأرض",""
61,2,4,202,"من أخلاق المسلم أن يفي بما يعد وأن يدافع مجاهدًا عن دين الله",""
61,5,8,404,"قصة موسى وعيسى عليهما السلام مع بني إسرائيل",""
61,9,9,105,"دين الإسلام دين محمد ﷺ فوق كل دين",""
61,10,14,202,"أسس التجارة الرابحة وحقيقتها",""
62,1,1,101,"تسبيح الله مالك السماوات والأرض",""
62,2,4,401,"مهمة النبي ﷺ في الدعوة",""
62,5,5,701,"ضرب المثل لليهود الذين لم يحملوا بالتوراة",""
62,6,8,305,"إقامة الحجة على اليهود في كذبهم أنهم أولياء الله",""
62,9,11,501,"أحكام صلاة الجمعة",""
63,1,8,302,"المنافقون وخصالهم والرد على افترائهم",""
63,9,11,202,"نصائح وتوجيهات للمؤمنين",""
64,1,4,101,"من مظاهر قدرة الله تعالى وعلمه",""
64,5,6,404,"قصة قوم كفروا بربهم وعاقبتهم",""
64,7,10,302,"إنكار المشركين للبعث والرد عليهم وثواب المؤمنين وعقاب الكافرين",""
64,7,10,303,"إنكار المشركين للبعث والرد عليهم وثواب المؤمنين وعقاب الكافرين",""
64,7,10,202,"إنكار المشركين للبعث والرد عليهم وثواب المؤمنين وعقاب الكافرين",""
64,11,18,202,"توجيهات للمؤمنين",""
65,1,7,501,"من أحكام الطلاق والعدة والسكنى والنفقة والرضاع خلالهما",""
65,8,10,302,"تهديد المعاندين وحسابهم وتحذير المؤمنين أن يتأسوا بهم",""
65,11,11,202,"وعد المؤمنين بالعاقبة الحسنة",""
65,12,12,101,"التذكير بقدرة الله تعالى وقدره وعلمه",""
66,1,5,401,"قصة حدثت بين النبي ﷺ وبعض أزواجه",""
66,6,6,202,"نداء المؤمنين بوجوب الوقاية من النار",""
66,7,7,302,"نداء الكافرين لتبئيسهم من قبول الاعتذار يوم القيامة",""
66,8,8,202,"نداء المؤمنين بوجوب التوبة النصوح وجزاء ذلك",""
66,9,9,401,"نداء النبي ﷺ بوجوب جهاد الكفار",""
66,10,12,701,"ضرب مثلين للذين كفروا من النساء وآخرين للذين آمنوا وعاقبة كل منهما",""
67,1,5,102,"من مظاهر قدرة الله تعالى",""
67,6,11,302,"عاقبة الكفار واعترافهم بذنوبهم",""
67,12,12,202,"جزاء الذين يخشون الله تعالى",""
67,13,15,103,"علم الله تعالى وكثرة نعمه",""
67,16,18,302,"تهديد للكفار من عذاب الله",""
67,19,22,302,"توبيخ المشركين على كفرهم وعبادة الأصنام",""
67,23,27,103,"بيان قدرة الله في الخلق والحشر وإثبات الحشر وعاقبة الكفار فيه",""
67,23,27,302,"بيان قدرة الله في الخلق والحشر وإثبات الحشر وعاقبة الكفار فيه",""
67,28,30,105,"بيد الله النجاة في الآخرة وبيده ماء العين في الدنيا",""
68,1,7,401,"تأييد النبي ﷺ وبيان خلقه العظيم",""
68,8,16,302,"صفات المكذبين الذميمة",""
68,17,33,404,"قصة أصحاب الجنة الذين كفروا نعمة الله وماذا حل بهم",""
68,34,34,202,"جزاء المتقين",""
68,35,47,302,"إقامة الحجة على المجرمين وتوبيخهم ووعيدهم",""
68,48,52,401,"أمر النبي ﷺ بالصبر وذكر قصة يونس لتثبيت فؤاده وتقويتها",""
69,1,3,304,"من أحوال يوم القيامة",""
69,4,12,404,"إهلاك الله المكذبين وهم عاد وثمود وقوم فرعون وقوم لوط وقوم نوح",""
69,13,18,304,"من أحوال يوم القيامة",""
69,19,24,202,"مصير أصحاب اليمين ونعيمهم",""
69,25,37,302,"مصير أصحاب الشمال وعذابهم",""
69,38,52,601,"حقيقة القرآن وتنزيهه عن الافتراء ووظائفه",""
70,1,18,302,"أحوال يوم القيامة",""
70,19,21,303,"طبيعة الإنسان",""
70,22,35,202,"صفات المؤمنين وجزاؤهم",""
70,36,44,302,"أفعال الكافرين ومصيرهم",""
71,1,4,404,"قصة إرسال نوح عليه السلام إلى قومه ومهمته",""
71,5,28,404,"نوح عليه السلام يشكو قومه إلى الله تعالى ويدعو عليهم بالهلاك",""
72,1,17,403,"إيمان الجن بالقرآن بعد الاستماع إليه وبيان أنواع الجن وعقائدهم",""
72,18,25,401,"توجيهات إلهية للنبي ﷺ",""
72,26,28,102,"لا يعلم الغيب إلا الله تعالى",""
73,1,10,401,"توجيهات إلهية للنبي ﷺ لإعداده روحيًا لتلقي الوحي ونشر الدعوة",""
73,11,19,302,"تهديد المكذبين بأهوال يوم القيامة وعذاب جهنم",""
73,20,20,202,"فضل قيام الليل وتوجيهات للمؤمنين",""
74,1,7,401,"توجيهات للنبي ﷺ",""
74,8,10,302,"تهديد للكافرين بهول يوم القيامة",""
74,11,26,404,"ذكر قصة الوليد بن المغيرة ووعيده",""
74,27,37,302,"وصف جهنم وعدد خزنتها وحقيقتهم",""
74,38,53,302,"أسباب عذاب المجرمين في جهنم على لسانهم",""
74,54,56,601,"حقيقة القرآن كل شيء بإرادة الله تعالى",""
75,1,15,303,"إثبات وقوع البعث",""
75,16,19,401,"حرص النبي ﷺ على حفظ ما ينزل من القرآن وتعليمه",""
75,20,40,304,"أحوال الناس يوم القيامة وإثبات البعث",""
76,1,3,101,"خلق الإنسان من العدم وهدايته إلى السبيلين",""
76,4,4,302,"عذاب الكافرين يوم القيامة",""
76,5,22,202,"الأبرار وصفاتهم ووصف نعيمهم في الآخرة",""
76,23,31,401,"توجيهات للنبي ﷺ وللمؤمنين",""
77,1,15,304,"قيام الساعة وأهوالها",""
77,16,19,302,"تخويف الكافرين بالإهلاك",""
77,20,28,101,"من مظاهر قدرة الله تعالى وتخويف الكافرين بها",""
77,29,40,302,"تحذير الكافرين من أهوال يوم القيامة وتهديدهم",""
77,41,44,202,"جزاء المتقين",""
77,45,50,302,"عاقبة المكذبين المجرمين",""
78,1,5,303,"إثبات البعث",""
78,6,16,101,"من مظاهر قدرة الله ونعمه في الكون",""
78,6,16,103,"من مظاهر قدرة الله ونعمه في الكون",""
78,17,30,304,"قيام الساعة وأهوالها وجزاء الطغاة وسبب هذا الجزاء في جهنم",""
78,17,30,302,"قيام الساعة وأهوالها وجزاء الطغاة وسبب هذا الجزاء في جهنم",""
78,31,36,202,"جزاء المتقين في الجنة",""
78,37,40,304,"قيام الساعة وأهوالها وأحوال المشركين فيه",""
78,37,40,302,"قيام الساعة وأهوالها وأحوال المشركين فيه",""
79,1,14,304,"قيام الساعة وأهوالها",""
79,15,26,404,"قصة موسى عليه السلام مع فرعون وعاقبة فرعون",""
79,27,33,101,"من مظاهر قدرة الله تعالى",""
79,34,39,304,"قيام الساعة ومصير الكافرين",""
79,34,39,302,"قيام الساعة ومصير الكافرين",""
79,40,41,202,"مصير المتقين",""
79,42,46,304,"خفاء علم وقت قيام الساعة إلا على الله سبحانه",""
80,1,10,401,"عتاب الله تعالى لنبيه بشأن ابن أم مكتوم",""
80,11,16,601,"مهمة القرآن الكريم",""
80,17,22,101,"الإنسان بيد الله تعالى خلقًا وحياة ونشورًا",""
80,23,32,103,"نعم الله تعالى على عباده",""
80,33,37,303,"أحوال يوم القيامة وعذاب الكافرين واستبشار المؤمنين",""
80,38,39,202,"أحوال يوم القيامة وعذاب الكافرين واستبشار المؤمنين",""
80,40,42,302,"أحوال يوم القيامة وعذاب الكافرين واستبشار المؤمنين",""
81,1,14,304,"أحوال يوم القيامة",""
81,15,29,401,"القسم على صدق الرسول وحقيقة القرآن الكريم",""
81,15,29,401,"القسم على صدق الرسول وحقيقة القرآن الكريم",""
82,1,6,304,"أحوال يوم القيامة",""
82,7,12,302,"توبيخ الإنسان لتناسيه عظمة الله تعالى وكرمه",""
82,13,13,202,"نعيم الأبرار",""
82,12,16,302,"جزاء الفجار وهول يوم القيامة",""
82,17,19,302,"جزاء الفجار وهول يوم القيامة",""
83,1,6,302,"تهديد للمطففين بعذاب يوم القيامة",""
83,7,17,302,"الفجار وجزاؤهم يوم القيامة",""
83,18,28,202,"الأبرار ونعيمهم في الجنة",""
83,29,36,302,"معاملة المجرمين في الدنيا للمؤمنين وجزاؤهم في الآخرة من جنس عملهم",""
84,1,5,304,"أحوال يوم القيامة",""
84,6,9,202,"جزاء أصحاب اليمين",""
84,10,15,302,"جزاء أصحاب الشمال",""
84,16,19,303,"القسم لتأكيد وقوع يوم القيامة ومصير الكافرين",""
84,16,19,302,"القسم لتأكيد وقوع يوم القيامة ومصير الكافرين",""
84,20,24,302,"تهديد الكافرين بعذاب يوم القيامة",""
84,25,25,202,"جزاء المؤمنين",""
85,1,9,404,"القسم على لعن أصحاب الأخدود",""
85,10,10,302,"تهديد الذين يفتنون المؤمنين",""
85,11,11,202,"ثواب المؤمنين",""
85,12,16,102,"تهديد الكافرين بقدرة الله تعالى على كل شيء",""
85,17,20,404,"قصة إهلاك فرعون وثمود",""
85,21,22,601,"مكانة القرآن الكريم",""
86,1,10,303,"إثبات البعث والحفظة من الملائكة",""
86,11,14,601,"القسم على أن القرآن حق",""
86,15,17,302,"تهديد الكافرين",""
87,1,8,101,"مظاهر قدرة الله تعالى",""
87,9,19,202,"توجيهات للنبي ﷺ وللمؤمنين",""
88,1,7,304,"أحوال يوم القيامة على الكافرين",""
88,8,16,202,"نعيم الوجوه في الجنة",""
88,17,20,101,"من مظاهر قدرة الله تعالى",""
88,21,26,303,"آيات وقوع البعث",""
89,1,14,404,"القسم بهلاك المكذبين لرسلهم من الأمم السابقة",""
89,15,20,303,"طبيعة الإنسان الناسي لربه سبحانه",""
89,21,26,304,"أحوال يوم القيامة وندم المقصر فيه",""
89,27,30,202,"مصير المؤمنين",""
90,1,7,303,"اغترار الإنسان بقوته وماله",""
90,8,16,103,"نعم الله على عبده وحثه على شكرها من خلال فعل الخير",""
90,17,18,202,"مصير أصحاب اليمين",""
90,19,20,302,"مصير أصحاب الشمال",""
91,1,10,202,"القسم بمظاهر قدرة الله تعالى على فضل تزكية النفس وعاقبة إهمالها",""
91,11,15,404,"قصة ثمود والناقة",""
92,1,7,202,"القسم بمظاهر قدرة الله تعالى على فضل الإنفاق",""
92,8,11,302,"عاقبة البخيل",""
92,12,16,302,"النار عاقبة المكذبين",""
92,17,21,202,"ينجو من النار المتقون المنفقون في سبيل الله",""
93,1,11,401,"تثبيت فؤاد النبي ﷺ ونعم الله عليه وبعض توجيهات من الله له",""
94,1,8,401,"مكانة رسول الله ﷺ عند الله تعالى",""
95,1,8,101,"تكريم الله تعالى للإنسان وانحطاطه بالكفر والمعاصي",""
96,1,5,401,"الأمر بالقراءة والعلم والكتابة",""
96,6,8,303,"طبيعة الإنسان ونسيانه الآخرة",""
96,9,19,302,"تهديد الطغاة الذين يصدون عن سبيل الله",""
97,1,5,105,"فضائل ليلة القدر",""
98,1,5,401,"مهمة رسول الله ﷺ وانفراق أهل الكتاب فيه",""
98,6,6,302,"وعيد الكافرين بالعذاب",""
98,7,8,202,"بشرى المؤمنين بالجنة",""
99,1,8,304,"أحوال يوم القيامة ودقة الحساب على الخير والشر",""
100,1,11,303,"القسم على أن الإنسان جحود لنعم ربه شديد الحب للمال ناس لآخرته",""
101,1,11,304,"أحوال يوم القيامة",""
102,1,8,303,"طول الأمل في الدنيا وتخويف الناس من الجحيم يوم القيامة",""
103,1,2,302,"حال الكافر",""
103,3,3,202,"حال المؤمن",""
104,1,9,302,"وعيد اللماز للناس يوم القيامة",""
105,1,5,404,"قصة أصحاب الفيل",""
106,1,4,103,"نعم الله تعالى على قريش ودعوتهم لعبادة المنعم",""
107,1,7,302,"صفات المنكر ليوم الحساب والمنافق",""
108,1,3,401,"فضل الله على نبيه وواجب النبي ﷺ وتبعية مبغضه",""
109,1,6,501,"وجوب البراءة من عبادة الكافرين ودينهم",""
110,1,3,401,"فتح مكة وواجب النبي ﷺ عند ذلك",""
111,1,5,302,"توبيخ أبي لهب وامرأته ومصيرهما",""
112,1,4,105,"توحيد الله وتنزيهه عن الوالد والولد والشريك والشبيه",""
113,1,5,501,"وجوب الاستعاذة بالله تعالى من شر المخلوقات",""
114,1,6,501,"وجوب الاستعاذة بالله تعالى من شر شياطين الجن والإنس",""